gelain,kanten,agar,pectin,sugar,ranpaku,ranou,cream,milk,yogurt,cheese,liquid,others,labels,title,title_id,tsukurepo_no,summery,ingredients,tsukurepos,onomatopea_variation,ぷるぷる,ふわふわ,ふるふる,しっかり,もちもち,柔らかい,軽い,べちゃっ,ゆるゆる,ぷりっ,ねっとり,硬い,むちむち,もったり,ほわっ,歯ごたえ,ほくほく,どっしり,ぐちゃっ,ぶるんぶるん,ぷにぷに,くたっ,ぶりんぶりん,からっ,ぶりっ,重い,ガリガリ,ふかふか,ぽってり,シャクシャク,ぼてっ,もろもろ,コリッ,ねっちり,ぶるぶる,ガリッ,ジャリジャリ,ねばねば,もさもさ,べたっ,だらだら,ふにゃっ,sep,なめらか,とろっ,つるっ,とろける,クリーミー,まったり,ミルキー,すかっ,口どけがよい,とろん,ジューシー,薄い,ごろごろ,どろっ,口あたりがよい,こってり,さらり,ずっしり,ぎっしり,するっ,細かい,厚い,脂っこい,均一な,ぶつぶつ,でこぼこ,ジュワジュワ,ころころ,ざらざら,たらたら,つまった,水っぽい,乾いた,粗い,粉っぽい,じゅるじゅる,phrased_sentences
0.008695652,0,0,0,0,0,0,0,0.12173913,0,0,0.086956522,0.260869565,['ゼラチン ムース'],【生クリーム不要】アボカドムース,6878789,1,ムース液は泡立ても加熱も不要！キウイをポリ袋でモミモミしただけの即席ソースとレモンの酸味がいいアクセントに。,"{'アボカド(皮・タネなし)': ['150g'], '牛乳': ['300g'], '練乳': ['70g'], '水': ['50ml'], 'ゼラチン': ['5g'], 'ゴールデンキウイ(トッピング)': ['1個'], 'レモン(トッピング)': ['1/4個']}",ちょっと甘みに黒蜜を。ぷるぷるでおいしかったです。,1,1,0,0,0,0,0,0,0,0,0,0,0,0,0,0,0,0,0,0,0,0,0,0,0,0,0,0,0,0,0,0,0,0,0,0,0,0,0,0,0,0,0,mechanic/geomet,0,0,0,0,0,0,0,0,0,0,0,0,0,0,0,0,0,0,0,0,0,0,0,0,0,0,0,0,0,0,0,0,0,0,0,0, ちょっと 甘み に 黒蜜 を 。 ぷるぷるでおいしかったです 。 
0.002298851,0,0,0,0,0,0,0.057471264,0.402298851,0,0,0.045977011,0.491954023,['ゼラチン ムース'],抹茶チョコレートムース,6866609,0,濃厚な生チョコレートと軽い口あたりの抹茶ムース,"{'■': ['◆抹茶のグラサージュ◆'], '牛乳': ['１７５ｇ'], 'グラニュー糖': ['３５ｇ'], 'ゼラチンリーフ４００': ['２枚'], '抹茶パウダー': ['４ｇ'], 'ホワイトチョコレート': ['１７５ｇ'], '生クリーム': ['２５ｇ'], '水': ['２０ｇ'], 'ゼラチンパウダー緑': ['１ｇ']}",,3,0,0,0,0,0,0,1,0,0,0,0,0,0,0,0,0,0,0,0,0,0,0,0,0,0,0,0,0,0,0,0,0,0,0,0,0,0,0,0,0,0,0,mechanic/geomet,0,0,0,0,0,0,0,0,0,0,0,0,0,0,1,0,0,0,0,0,0,0,0,0,0,0,0,0,0,0,0,0,0,0,0,0, 
0.009823183,0,0,0,0.070726916,0.058939096,0.039292731,0.196463654,0.196463654,0.196463654,0,0,0.196463654,['ゼラチン ムース'],フレッシュマンゴーでマンゴームース,6863624,0,フレッシュマンゴー1個で作る簡単ムース。生クリームの泡立て無しでも、メレンゲだけで、ふんわりムース風に出来ました。,"{'■マンゴー（良く熟した軟らかめのもの）': ['1個（皮、種を除いて３００ｇ）'], '■': ['上掛けマンゴー'], '上記マンゴー': ['１００ｇ'], '〇卵黄': ['1個'], '〇砂糖': ['大さじ２'], '〇牛乳': ['１００ｇ'], '※ゼラチン（ふやかし無しタイプ）': ['５ｇ'], '△ポッカレモン': ['大さじ１'], '△キルシュワッサー（好みで）': ['大さじ１'], '☆プレーンヨーグルト': ['１００ｇ'], '☆生クリーム(植物性)': ['１００ｇ'], '☆卵白（砂糖）': ['１個分（小さじ１）'], '砂糖': ['大さじ２'], '◇ポッカレモン': ['大さじ１'], '◇キルシュワッサー（好みで）': ['小さじ１']}",,1,0,1,0,0,0,0,0,0,0,0,0,0,0,0,0,0,0,0,0,0,0,0,0,0,0,0,0,0,0,0,0,0,0,0,0,0,0,0,0,0,0,0,mechanic/geomet,0,0,0,0,0,0,0,0,0,0,0,0,0,0,0,0,0,0,0,0,0,0,0,0,0,0,0,0,0,0,0,0,0,0,0,0, 
0.010989011,0,0,0,0.10989011,0,0,0.43956044,0,0,0,0,0.43956044,['ゼラチン ムース'],033.簡単★バナナムース,6851276,0,ふわふわ優しい口当たりのムースです。トーストのスプレッドにしても、一口サイズを凍らせてアイスにしても、美味です。,"{'バナナ': ['200g'], 'レモン汁': ['大さじ1/2'], 'きび砂糖': ['50g'], '37%生クリーム': ['200cc'], '粉ゼラチン': ['1袋(5g)']}",,1,0,1,0,0,0,0,0,0,0,0,0,0,0,0,0,0,0,0,0,0,0,0,0,0,0,0,0,0,0,0,0,0,0,0,0,0,0,0,0,0,0,0,mechanic/geomet,0,0,0,0,0,0,0,0,0,0,0,0,0,0,0,0,0,0,0,0,0,0,0,0,0,0,0,0,0,0,0,0,0,0,0,0, 
0.007177033,0,0,0,0,0,0,0.23923445,0.598086124,0,0,0.035885167,0.119617225,['ゼラチン ムース'],ふるふわミルクティームース,6808086,1,ふるふるふわふわ食感の簡単ムースです。ミルクティー味に仕上げました(*^^*),"{'牛乳': ['250g'], '紅茶葉': ['6g'], '粉ゼラチン': ['3g'], '水': ['15g(大さじ1)'], 'グラニュー糖': ['4g'], '生クリーム': ['100g'], '■': ['飾り'], 'クリーム': ['40g'], 'ミント': ['適宜']}",まるでお店のムースみたい！美味しく出来ました！リピします。,3,0,1,1,0,0,0,0,0,0,0,0,0,0,0,0,0,0,0,0,0,0,0,0,0,0,0,0,0,0,0,0,0,0,0,0,0,0,0,0,0,0,0,mechanic/geomet,0,0,0,0,0,0,0,0,0,0,0,0,0,0,0,0,0,0,0,0,0,0,0,0,0,0,0,0,0,0,0,0,0,0,0,0, まるでお店 の ムース みたい 美味しく出来ました リピします 。 
0.006925208,0,0,0,0.083102493,0,0,0.138504155,0,0.138504155,0,0,0.559556787,['ゼラチン ムース'],ふんわり苺ムース＆マンゴームース,6695781,3,簡単苺ムースとヨーグルト苺ムースの2種類の作り方です。ふんわりタイプなめらかタイプお好きな方で作ってね♪,"{'■': ['(↑私はゼラチン4g)'], 'ムース用苺(冷凍苺可)': ['正味200g'], '飾り用苺(なくてもOK)': ['3~5粒'], '生クリーム': ['100ml'], '砂糖(お好みで調整)': ['30g'], '●ゼラチン': ['5g'], '●ゼラチン用水': ['大さじ2'], 'マンゴーピューレ(又は冷凍マンゴー)': ['200g'], '●粉ゼラチン': ['5g'], 'ムース用桃': ['大1個分200～250g'], 'プレーンヨーグルト(水切りなし)': ['100g'], '砂糖(メープルシロップ)': ['30g']}",苺ムースもふんわりできました～苺もマンゴーもふんわり美味しい♪固まりきってなかったのにトッピングしたので苺沈んじゃった(>ω<。)マンゴームースもふんわり美味しくできました～,2,0,5,0,0,0,0,0,0,0,0,0,0,0,0,0,0,0,0,0,0,0,0,0,0,0,0,0,0,0,0,0,0,0,0,0,0,0,0,0,0,0,0,mechanic/geomet,1,0,0,0,0,0,0,0,0,0,0,0,0,0,0,0,0,0,0,0,0,0,0,0,0,0,0,0,0,0,0,0,0,0,0,0, 苺 ムース も ふんわり できました 苺 も マンゴー も ふんわり 美味しい 固まりきっ て なかった のに トッピング し たので 苺 沈んじゃっ た 。 マンゴー ムース も ふんわり 美味しくできました 
0.011764706,0,0,0,0.094117647,0,0,0.070588235,0.352941176,0.117647059,0,0,0.352941176,['ゼラチン ムース'],ミキサーだけ！簡単いちごムース,6689802,0,ふんわり食感のさっぱりいちごムース。いちごの香りがたまらない,"{'粉ゼラチン（1スティック分）': ['5g'], 'いちご（1/2パック分位）': ['150g'], '飾り用いちご': ['2粒'], '牛乳': ['150g'], 'ヨーグルト': ['50g'], '生クリーム': ['大さじ2'], '砂糖': ['40g']}",,2,0,1,0,0,0,0,0,0,0,0,0,0,0,0,0,0,0,0,0,0,0,0,0,0,0,0,0,0,0,0,0,0,0,0,0,0,0,0,0,0,0,0,mechanic/geomet,0,0,0,0,0,0,0,0,0,0,0,0,0,0,0,0,0,0,0,0,0,0,0,0,0,0,0,0,0,0,0,0,0,0,0,0, 
0.005652911,0,0,0,0,0.033917467,0,0.113058225,0.118711136,0,0,0.4522329,0.248728095,['ゼラチン ムース'],和三盆ムースと黒糖ゼリー,6664401,0,ふわふわクリーミー(≧∀≦),"{'生クリーム': ['100cc'], '卵白': ['1個分'], '和三盆糖': ['60g'], '牛乳': ['100cc'], 'ゼラチン(ムース用)': ['5g'], '水(ゼラチン用)': ['30cc'], '黒糖': ['60g'], '水': ['250cc'], 'ゼラチン(ゼリー用)': ['5g'], '黒糖(黒蜜用)': ['100g'], '水(黒蜜用)': ['150cc']}",,2,0,1,0,0,0,0,0,0,0,0,0,0,0,0,0,0,0,0,0,0,0,0,0,0,0,0,0,0,0,0,0,0,0,0,0,0,0,0,0,0,0,0,mechanic/geomet,0,0,0,0,1,0,0,0,0,0,0,0,0,0,0,0,0,0,0,0,0,0,0,0,0,0,0,0,0,0,0,0,0,0,0,0, 
0.006696429,0,0,0,0.044642857,0,0,0.133928571,0,0,0,0.502232143,0.3125,['ゼラチン ムース'],袋1つで簡単！ふんわりいちごムース！,6651732,0,思い立ったらすぐ！袋1つで洗い物もナシ！甘酸っぱい苺の風味がクリームと合わさって優しい甘みに。ひな祭りにもオススメです！,"{'苺': ['140g(5～7個)'], '生クリーム': ['60cc'], '砂糖': ['20g'], 'レモン汁': ['小さじ1'], '粉ゼラチン': ['3g'], '水': ['大さじ15']}",,1,0,1,0,0,0,0,0,0,0,0,0,0,0,0,0,0,0,0,0,0,0,0,0,0,0,0,0,0,0,0,0,0,0,0,0,0,0,0,0,0,0,0,mechanic/geomet,0,0,0,0,0,0,0,0,0,0,0,0,0,0,0,0,0,0,0,0,0,0,0,0,0,0,0,0,0,0,0,0,0,0,0,0, 
0.006410256,0,0,0,0,0,0,0.16025641,0,0.512820513,0,0,0.320512821,['ゼラチン ムース'],ヨーグルトムース,6636326,63,ギリシャ風ヨーグルトに、生クリームのコクと、糀甘酒の甘み。3つの素材だけでできる簡単なムースです。,"{'プラス糀 糀甘酒': ['100ml'], 'ヨーグルト（ギリシャ風の水分のないもの）': ['160g'], '生クリーム': ['50cc'], 'いちご': ['2個'], '粉ゼラチン': ['2g']}","麹の甘みで作るムースは優しい甘さでとても美味しかったです。少し柔らかめのムースでした。ダブル発酵食品でお腹にも嬉しいねふわふわでとても良かったです味も美味しく出来ました甘酒大好きムースにしても美味しいですね身体によさそうなデザート。罪悪感なくいただけます♪1歳の娘用に生クリームなしで作ったら、コクが足りなかったです(^^; またリベンジします！苺苦手な息子にレーズンで作りました^ ^優しい味で美味しいです！子供のおやつにちょうど良く、食べやすかったです。いちごの代わりにレモンバージョンも作ってみました♪甘酒が苦手な方にも美味しく召し上がれると思います。ヨーグルトとの相性の良さに驚きです。甘酒とは思えないほど美味しくて子供たちも取り合いになるほど！これはリピ決定でまた食べたいとの声が！甘酒が大変身ですね☆イチゴなくてジャムで代用(^^;砂糖使ってないのにちゃんと甘味あっておいしい♪ヘルシーなのが嬉しい！プレーンヨーグルトを水切りして作りました。水切りと生クリームの泡立てが甘いからか緩めのムースになりました。＋砂糖でも甘さ控えめ。麹甘酒を使って初めて作りました！体にも良さそうなスイーツが簡単に出来ました☆ちょっと固くなってしまいましたが味はおいしかったです☆自然な甘さの優しいお味でとっても美味しかったです健康的なステキスイーツ甘酒と乳製品合いますね！生クリームもヨーグルトにも良く合う♪ご馳走様です！麹の甘さだから罪悪感なし！在宅の自分おやつに！果実の酸味と合う！家族に好評だったのでまた作りました！美味しい(^^)爽やかに美味しくてたくさん食べれそうです（笑）自然な甘さで美味しいです！息子もパクパク美味しく出来ました♪砂糖なしなので安心して子どもに食べさせられまーす^_^ふわとろなムースが美味しくて沢山食べてしまいました！体に優しいスイーツですね☆優しい甘さで美味しかったです。お砂糖代わりに甘酒、ヘルシーでいいですね濃厚だけどふわふわ食感ヨーグルトと苺でほどよくさっぱりして美味しかったです(^^)優しい甘さでさっぱり美味しかったです！いちごを入れそびれたので、添えて…優しい甘さでいちごと相性バッチリでした！いくらでも食べられそうです♪甘さがちょうどいいですね♪いちごの代わりにはっさくで作りました優しい甘さが良かったです！ひなまつりのデザートに作りました！丁度いい甘さで、チラシ寿司のあとでもぺろりできました☆ムースかなり好きな味。子供も甘酒気づかずパクパク。いちごとの相性も最高でしたひな祭りのデザートにヨーグルトの爽やかさと麹甘酒の甘さが上品苺との相性も◎見た目も可愛くてキュン自分で作ったとは思えない糀甘酒の甘さが優しいムースでした。自然な甘さがいいですね。麹を積極的に取り入れると体に良いことをしているような気がします♪また作ります！甘酒の風味と苺が◎さっぱりなのにムース仕立てで満足感高いですひな祭りのデザートに。あっという間に出来て、さっぱり美味しかったです。砂糖なしでもほんのり甘くて美味しかったです(o^^o)簡単にできるのもいい☆また作ります！ひな祭りのデザートにしました！簡単で美味しくできました！甘さ控えめで美味しかったです！桃の節句のお祝いに作りました。ほんのりな甘さが2歳半の娘にも夫にも好評でした生クリームなしですが、さっぱりおいしかった。参考にさせてもらいました！！牛乳などを使用してつくりました\( o )/めちゃうまでしたーっ！！！！美味しくできました！また作りたいです砂糖なしなので、甘さは控えめでしたが、美味しかったです。甘みの強いのがお好きな方は、はちみつかけられるといいかもしれません2歳の子供と休日のおやつに一緒に作りました。混ぜるだけなので簡単でした。甘すぎず爽やかな味でした！家にあったフルーツソースを添えて♪朝ご飯のお供です簡単に美味しくできて良かったです☆苺が綺麗にできなかったのですが、味は美味しくちょうど良い甘さでヘルシー☆お店のデザートみたいに仕上がり嬉しいです！砂糖なしなので、子供のおやつにも良いですね◎いちごヨーグルトでつくってみました！
甘くて美味しいできました！生クリームがなかったので牛乳で！1才＆3才息子たちがおかわり欲しいというぐらい喜んでくれました☆★優しい甘さで美味しかったです糀甘酒の自然な甘さであっさりしていてとっても美味しかったです苺で可愛さUPでひな祭りにもぴったりですねまた作りますo^^o豆乳バージョンで。おいしいと子どもたちに好評でした！！せとかで作りました。お砂糖を使わないデザートは子どもにもいいですね。簡単に美味スイーツができました！健康にもよさげ自家製ギリシャヨーグルトで作りました。砂糖なしのわりに甘すぎずスッキリ爽やかです。子どもと旦那はもう少し甘さが欲しいようでした。砂糖入れてないのに甘くて、ふわふわとろとろでとてもおいしかったです♪ヨーグルトと麹甘酒だけで簡単に作れてとても美味しかったです。ヨーグルトと甘酒でヘルシーに食べられおいしかったです♪簡単なのに、とても美味しかったです！子供達が喜んでくれました！甘さ控えめながらふんわり口どけ良くて、なんだかパティスリーみたいな高級感あるお味でした。甘酒苦手なこどもも食べました。無糖ヨーグルトを水切りしたのを使い、甘味が少なかったので、ラカントを混ぜ、最後に練乳をかけました。砂糖なしのヨーグルトだったので少し砂糖も足しましたがやさしい甘酒の味がして美味しかったです。いちごの代わりにレーズン！ほんのり甘くて良かったです。W発酵で体に優しく美味しさっぱりだけどコクがあって満足感大です",6,0,4,0,0,0,0,0,0,0,0,0,0,0,0,0,0,0,0,0,0,0,0,0,0,0,0,0,0,0,0,0,0,0,0,0,0,0,0,0,0,0,0,mechanic/geomet,0,1,0,0,0,0,0,1,1,0,0,0,0,0,0,0,0,0,0,0,0,0,0,0,0,0,0,0,0,0,0,0,0,0,0,0, 麹 の 甘み で 作る ムース は 優しい甘さ で とても 美味しかったです 。 少し 柔らかめ の ムース でした 。 ダブル発酵食品 で お腹 に も 嬉しい ね ふわふわ で とても 良かった です 味 も 美味しく出来ました 甘酒 大好き ムース に して も 美味しい ですね 身体 に よ さ そう な デザート 。 罪悪感なくいただけ ます 歳 の 娘 用 に 生クリーム なし で 作ったら 、 コク が 足りなかった です またリベンジします 苺 苦手な 息子 に レーズン で 作りました 優しい味 で 美味しい です 子供 の おやつ に ちょうど良く 、 食べやすかった です 。 いちご の 代わり に レモン バージョン も 作ってみました 甘酒 が 苦手な 方 に も 美味しく召し上がれると思い ます 。 ヨーグルト と の 相性 の 良さ に 驚き です 。 甘酒とは思えないほど 美味しくて 子供たち も 取り合い に なるほど これ は リピ決定 で また食べたい と の 声 が 甘酒 が 大変身 ですね イチゴ なく て ジャム で 代用 砂糖 使っ て ないのに ちゃんと 甘味 あっ て おいしい ヘルシー な の が 嬉しい プレーンヨーグルト を 水切り して 作りました 。 水切り と 生クリーム の 泡立て が 甘い から か 緩め の ムース に なりました 。 砂糖 で も 甘さ控えめ 。 麹甘酒を使っ て 初めて 作りました 体 に も 良さそう な スイーツ が 簡単 に 出来ました ちょっと固くなってしまい ました が 味 は おいしかったです 自然な甘さ の 優しいお味 で とっても美味しかったです 健康的 な ステキスイーツ甘酒 と 乳製品合いますね生クリーム も ヨーグルト に も 良く 合う ご馳走様 です 麹 の 甘さだから罪悪感なし在宅 の 自分 おやつ に 果実 の 酸味 と 合う 家族 に 好評だったので また作りました 美味しい 爽やか に 美味しくて たくさん 食べれそう です 笑 自然な甘さ で 美味しい です 息子 も パクパク 美味しく出来ました 砂糖なし なので 安心して 子ども に 食べ させられまーすふわとろ な ムース が 美味しくて 沢山 食べてしまいました 体 に 優しい スイーツ ですね 優しい甘さ で 美味しかったです 。 お砂糖 代わり に 甘酒 、 ヘルシー で いいですね 濃厚 だけど ふわふわ 食感 ヨーグルト と 苺 で ほどよく さっぱりして 美味しかったです 優しい甘さ で さっぱり 美味しかったです いちご を 入れ そびれたので 、 添え て 優しい甘さ で いちご と 相性バッチリ でした いくらでも食べられそう です 甘さがちょうどいいですねいちごの代わり に はっさく で 作りました 優しい甘さ が 良かった です ひなまつり の デザート に 作りました 丁度いい甘さ で 、 チラシ寿司 の あと で も ぺろり できました ムース かなり 好きな 味 。 子供 も 甘酒気づかずパクパク 。 いちご と の 相性 も 最高 でした ひな祭り の デザート に ヨーグルト の 爽やか さ と 麹甘酒 の 甘さ が 上品 苺 と の 相性 も 見た目 も 可愛く て キュン自分 で 作ったとは思えない糀甘酒 の 甘さ が 優しい ムース でした 。 自然な甘さ が いいですね 。 麹 を 積極的 に 取り入れる と 体 に 良い こと を して いる ような 気 が します また作ります 甘酒 の 風味 と 苺 が さっぱり なのに ムース 仕立て で 満足 感 高い です ひな祭り の デザート に 。 あっという間に 出来 て 、 さっぱり 美味しかったです 。 砂糖なし でも ほんのり甘く て 美味しかったです oo 簡単 に できる の も いい また作ります ひな祭り の デザート に しました 簡単 で 美味しくできました 甘さ控えめ で 美味しかったです 桃の節句 の お祝い に 作りました 。 ほんのり な 甘さ が 歳半 の 娘 に も 夫 に も 好評でした 生クリーム なし です が 、 さっぱり おいしかった 。 参考 に させてもらいました 牛乳 など を 使用 して つくりました o めちゃうまでした ー っ 美味しくできました また作りたい です 砂糖なし なので 、 甘さ は 控えめ でした が 、 美味しかったです 。 甘み の 強い の が お 好きな 方 は 、 はちみつかけられる と いいかもしれません 歳 の 子供 と 休日 の おやつ に 一緒 に 作りました 。 混ぜるだけ なので 簡単 でした 。 甘すぎず 爽やかな 味 でした 家 に あっ た フルーツ ソースを添え て 朝ご飯 の お供 です 簡単 に 美味しくでき て 良かった です 苺 が 綺麗 に でき なかった の です が 、 味 は 美味しく ちょうど良い甘さ で ヘルシー お店 の デザート みたい に 仕上がり 嬉しい です 砂糖なし なので 、 子供 の おやつ に も 良いですね いちご ヨーグルト で つくってみ ました 甘く て 美味しい できました 生クリーム が なかったので 牛乳 で 才 才 息子たち が おかわり欲しい と いうぐらい 喜んでくれました 優しい甘さ で 美味しかったです 糀甘酒 の 自然な甘さ で あっさりしてい て とっても美味しかったです 苺 で 可愛さUP で ひな祭り に も ぴったり ですね また作ります oo 豆乳 バージョン で 。 おいしい と 子どもたち に 好評でした せとか で 作りました 。 お砂糖 を 使わない デザート は 子ども に も いいですね 。 簡単 に 美味 スイーツ が できました 健康 に も よさげ自家製ギリシャヨーグルト で 作りました 。 砂糖なし の わりに甘すぎずスッキリ爽やか です 。 子ども と 旦那 は もう少し 甘さ が 欲しい よう でした 。 砂糖 入れ て ないのに 甘く て 、 ふわふわ とろとろ で とても おいしかったです ヨーグルト と 麹甘酒 だけ で 簡単 に 作れ て とても 美味しかったです 。 ヨーグルト と 甘酒 で ヘルシー に 食べられ おいしかったです 簡単なのに 、 とても 美味しかったです 子供達 が 喜んでくれました 甘さ控えめ ながら ふんわり 口どけ 良く て 、 なんだかパティスリー みたい な 高級感ある お味 でした 。 甘酒 苦手な こども も 食べ ました 。 無糖 ヨーグルト を 水切り した の を 使い 、 甘味 が 少なかったので 、 ラカント を 混ぜ 、 最後 に 練乳をかけ ました 。 砂糖なし の ヨーグルト だったので 少し 砂糖 も 足し ました が やさしい 甘酒 の 味 が して 美味しかったです 。 いちご の 代わり に レーズン ほんのり甘く て 良かった です 。 W発酵 で 体 に 優しく 美味し さっぱり だけど コク が あっ て 満足 感 大 です 
0.021834061,0,0,0,0.03930131,0,0,0.218340611,0.458515284,0,0,0,0.262008734,['ゼラチン ムース'],バレンタインにベリーとショコラのムース,6635484,1,ふんわり濃厚なショコラムースと甘酸っぱい苺ソースの相性が抜群です！レンジで簡単にお店のような可愛いムースができますよ,"{'■': ['ホイップクリーム'], 'チョコレート': ['50g'], 'ココアパウダー': ['10g'], '粉ゼラチン': ['5g'], '牛乳': ['100ml'], '生クリーム': ['50ml'], '砂糖': ['大さじ1'], '洋酒': ['お好みで小さじ1'], 'いちご': ['5個(100g程度)'], 'レモン汁': ['小さじ1']}",貼付けた苺見えなくなっちゃいましたが、ムース&ソースめちゃウマ♪,2,0,1,0,0,0,0,0,0,0,0,0,0,0,0,0,0,0,0,0,0,0,0,0,0,0,0,0,0,0,0,0,0,0,0,0,0,0,0,0,0,0,0,mechanic/geomet,0,0,0,0,0,0,0,0,0,0,0,0,0,0,0,0,0,0,0,0,0,0,0,0,0,0,0,0,0,0,0,0,0,0,0,0, 貼付けた 苺 見えなくなっちゃい ました が 、 ムース ソース めちゃウマ 
0.017889088,0,0,0,0,0,0,0.357781753,0.338103757,0,0,0,0.286225403,['ゼラチン ムース'],ぷるるんデザートでいちごムース,6635916,0,甘すぎない(個人の感想)ふんわりいちごムースですお好みの味でどうぞ写真はいちご味です,"{'生クリーム': ['200ml'], 'ゼラチン': ['10g'], '熱湯': ['10ml'], '牛乳': ['180ml'], 'ぷるるんデザート': ['1箱(150g)'], '果物': ['お好みで']}",,2,1,1,0,0,0,0,0,0,0,0,0,0,0,0,0,0,0,0,0,0,0,0,0,0,0,0,0,0,0,0,0,0,0,0,0,0,0,0,0,0,0,0,mechanic/geomet,0,0,0,0,0,0,0,0,0,0,0,0,0,0,0,0,0,0,0,0,0,0,0,0,0,0,0,0,0,0,0,0,0,0,0,0, 
0.010060362,0,0,0,0.080482897,0.14084507,0,0,0.211267606,0,0,0.050301811,0.44668008,['ゼラチン ムース'],生クリーム無し♪ふわとろ苺豆乳ムース,6623290,0,ふんわりした苺豆乳ムースに甘くてトロッとした苺ジャムが相性抜群です♪苺ジャムもレンジで作るので簡単美味しいです(^^),"{'■': ['[苺ジャム]'], '粉ゼラチン': ['5g'], '水': ['25ml'], '苺': ['170g'], '豆乳(無調整or調整,どちらでもok)': ['100ml'], '卵白2個分': ['約70g'], '砂糖(エリスリトール使用)': ['30g'], '冷凍苺': ['50g'], 'レモン汁': ['2ml'], '砂糖(エリストール使用)': ['10g']}",,2,0,1,0,0,0,0,0,0,0,0,0,0,0,0,0,0,0,0,0,0,0,0,0,0,0,0,0,0,0,0,0,0,0,0,0,0,0,0,0,0,0,0,mechanic/geomet,0,1,0,0,0,0,0,0,0,0,0,0,0,0,0,0,0,0,0,0,0,0,0,0,0,0,0,0,0,0,0,0,0,0,0,0, 
0.012578616,0,0,0,0.075471698,0,0,0,0.660377358,0,0,0,0.251572327,['ゼラチン ムース'],生クリーム不使用いちごのムース,6623309,0,温めてふわふわに泡立てたミルクを使うことで、生クリーム不使用のいちごムースを完成させました♪,"{'いちご': ['100g'], '牛乳': ['250ml'], '砂糖': ['30g'], '粉ゼラチン': ['5g'], 'スポンジ': ['適量'], '飾り用いちご': ['適量']}",,1,0,1,0,0,0,0,0,0,0,0,0,0,0,0,0,0,0,0,0,0,0,0,0,0,0,0,0,0,0,0,0,0,0,0,0,0,0,0,0,0,0,0,mechanic/geomet,0,0,0,0,0,0,0,0,0,0,0,0,0,0,0,0,0,0,0,0,0,0,0,0,0,0,0,0,0,0,0,0,0,0,0,0, 
0.019607843,0,0,0,0,0,0,0.392156863,0,0,0.274509804,0.058823529,0.098039216,['ゼラチン ムース'],生クリーム消費！ふわふわレアチーズムース,6590932,0,クリームチーズを使った、さっぱりふわふわのムースです！ベリー系のジャムも合う、上品な甘さになりました！,"{'クリームチーズ': ['70g'], '生クリーム①': ['40cc'], 'グラニュー糖①': ['10g'], '生クリーム②': ['100cc'], 'グラニュー糖②': ['15g'], 'ゼラチン': ['5g'], '水': ['大さじ1']}",,1,0,2,0,0,0,0,0,0,0,0,0,0,0,0,0,0,0,0,0,0,0,0,0,0,0,0,0,0,0,0,0,0,0,0,0,0,0,0,0,0,0,0,mechanic/geomet,0,0,0,0,0,0,0,0,0,0,0,0,0,0,0,0,0,0,0,0,0,0,0,0,0,0,0,0,0,0,0,0,0,0,0,0, 
0.007712082,0,0,0,0,0,0,0.411311054,0.323907455,0,0,0,0.257069409,['ゼラチン ムース'],簡単チョコムース（覚書）,6773843,1,少ない材料で短時間で作れて、小中学生の娘たち絶賛でした。,"{'チョコレート': ['100g'], '生クリーム': ['160cc'], '牛乳': ['120cc'], 'ゼラチン': ['3g']}",15cmケーキ型で作ってみました。ふわふわプルプルでした^ ^,2,1,1,0,0,0,0,0,0,0,0,0,0,0,0,0,0,0,0,0,0,0,0,0,0,0,0,0,0,0,0,0,0,0,0,0,0,0,0,0,0,0,0,mechanic/geomet,0,0,0,0,0,0,0,0,0,0,0,0,0,0,0,0,0,0,0,0,0,0,0,0,0,0,0,0,0,0,0,0,0,0,0,0, cm ケーキ 型 で 作ってみました 。 ふわふわ プルプル でした 
0.022988506,0,0,0,0.068965517,0.068965517,0,0.229885057,0.24137931,0,0,0.137931034,0.229885057,['ゼラチン ムース'],簡単♪パンプキンムース,6517720,0,簡単なめらかふわふわかぼちゃムース♪,"{'かぼちゃ': ['賞味100g'], '砂糖': ['30g'], '牛乳': ['100cc'], '生クリーム': ['100cc'], '卵白': ['1個分'], 'ゼラチン': ['10g'], '水': ['大さじ4']}",,2,0,1,0,0,0,0,0,0,0,0,0,0,0,0,0,0,0,0,0,0,0,0,0,0,0,0,0,0,0,0,0,0,0,0,0,0,0,0,0,0,0,0,mechanic/geomet,1,0,0,0,0,0,0,0,0,0,0,0,0,0,0,0,0,0,0,0,0,0,0,0,0,0,0,0,0,0,0,0,0,0,0,0, 
0.022988506,0,0,0,0.068965517,0.068965517,0,0.229885057,0.24137931,0,0,0.137931034,0.229885057,['ゼラチン ムース'],簡単♪スイートポテトムース,6456391,0,簡単ふんわりなめらかなスイートポテトムース♪,"{'さつま芋': ['賞味100g'], '砂糖': ['30g'], '牛乳': ['100cc'], '生クリーム': ['100cc'], '卵白': ['1個'], 'ゼラチン': ['10g'], '水': ['大さじ4']}",,2,0,1,0,0,0,0,0,0,0,0,0,0,0,0,0,0,0,0,0,0,0,0,0,0,0,0,0,0,0,0,0,0,0,0,0,0,0,0,0,0,0,0,mechanic/geomet,1,0,0,0,0,0,0,0,0,0,0,0,0,0,0,0,0,0,0,0,0,0,0,0,0,0,0,0,0,0,0,0,0,0,0,0, 
0.009584665,0,0,0,0,0,0.063897764,0.319488818,0.159744409,0.319488818,0,0,0.127795527,['ゼラチン ムース'],ふわふわヨーグルトムース,6420907,0,優しい甘みとヨーグルトのさっぱり感が暑い季節にもぴったりお好みでフルーツソースをかけて食べても美味しい,"{'卵黄(M)': ['1個'], 'グラニュー糖': ['15g'], '牛乳': ['50g'], '板ゼラチン': ['3g'], 'ヨーグルト': ['100g'], 'はちみつ': ['10g'], '生クリーム': ['100g'], 'レモン汁': ['15g']}",,1,0,1,0,0,0,0,0,0,0,0,0,0,0,0,0,0,0,0,0,0,0,0,0,0,0,0,0,0,0,0,0,0,0,0,0,0,0,0,0,0,0,0,mechanic/geomet,0,0,0,0,0,0,0,0,0,0,0,0,0,0,0,0,0,0,0,0,0,0,0,0,0,0,0,0,0,0,0,0,0,0,0,0, 
0.01119403,0,0,0,0.093283582,0,0.074626866,0.373134328,0.074626866,0,0,0.055970149,0.298507463,['ゼラチン ムース'],梨のムース,6414019,0,いつもは洋梨の缶詰で作りますが、今回は梨のコンポート～ふんわり優しいムースを作ってみました。,"{'梨のコンポート又は缶詰': ['お好みで'], 'シロップ': ['80g'], '卵黄': ['1個分'], '砂糖': ['5g'], 'コンデンスミルク': ['20g'], 'ゼラチン': ['3g'], '水(ふやかし用)': ['大さじ1'], '○生クリーム': ['100g'], '○砂糖': ['20g']}",,1,0,1,0,0,0,0,0,0,0,0,0,0,0,0,0,0,0,0,0,0,0,0,0,0,0,0,0,0,0,0,0,0,0,0,0,0,0,0,0,0,0,0,mechanic/geomet,0,0,0,0,0,0,0,0,0,0,0,0,0,0,0,0,0,0,0,0,0,0,0,0,0,0,0,0,0,0,0,0,0,0,0,0, 
0.012048193,0,0,0,0.072289157,0.072289157,0.048192771,0.313253012,0.240963855,0,0,0,0.240963855,['ゼラチン ムース'],トマトのムース,6348383,0,トマトのピューレを入れたふんわりムースをグラスに入れました。中に苺ジャムを入れてアクセントに。,"{'卵黄': ['１コ'], '砂糖': ['３０ｇ'], '牛乳': ['１００ｇ'], '▲ゼラチン（ふやかし不要な物）': ['５ｇ'], '○トマトピューレ': ['１００ｇ'], '○レモン汁（ポッカレモン）': ['大さじ１'], '○蜂蜜（アカシア）': ['大さじ１'], '○カルピス(原液)': ['大さじ２'], '○キルシュワッサー': ['大さじ１'], '※生クリーム（砂糖）': ['１３０ｇ（大さじ１）'], '★卵白（砂糖）': ['１コ分（大さじ１）'], '●苺ジャム（キルシュワッサー）': ['大さじ２（小さじ１）']}",,1,0,1,0,0,0,0,0,0,0,0,0,0,0,0,0,0,0,0,0,0,0,0,0,0,0,0,0,0,0,0,0,0,0,0,0,0,0,0,0,0,0,0,mechanic/geomet,0,0,0,0,0,0,0,0,0,0,0,0,0,0,0,0,0,0,0,0,0,0,0,0,0,0,0,0,0,0,0,0,0,0,0,0, 
0.009771987,0,0,0,0,0,0,0.16286645,0.273615635,0,0,0,0.553745928,['ゼラチン ムース'],前菜に…トマトとバジルのムース,6342778,0,グリーンの層はバジル風味ピンクの層はトマト風味の野菜のムース。滑らかでふんわり、味も優しい…前菜に如何ですか？,"{'■': ['- バジルムース -'], 'プチトマト': ['150g'], '牛乳': ['80cc'], '生クリーム': ['50cc'], '塩': ['ひとつまみ'], 'こしょう': ['少々'], '果粒ブイヨン': ['小さじ1/4'], '粉ゼラチン(水大さじ1でふやかす)': ['3g'], 'フレッシュバジルの葉': ['20g'], 'ブイヨン果粒': ['小さじ1/4'], 'プチトマト(飾り用)': ['1個'], 'バジルの葉 小さいものまたはイタリアンパセリ(飾り用)': ['小2枚']}",,2,0,1,0,0,0,0,0,0,0,0,0,0,0,0,0,0,0,0,0,0,0,0,0,0,0,0,0,0,0,0,0,0,0,0,0,0,0,0,0,0,0,0,mechanic/geomet,1,0,0,0,0,0,0,0,0,0,0,0,0,0,0,0,0,0,0,0,0,0,0,0,0,0,0,0,0,0,0,0,0,0,0,0, 
0.009950249,0,0,0,0,0.074626866,0,0.348258706,0.156716418,0,0,0.074626866,0.335820896,['ゼラチン ムース'],抹茶とホワイトチョコのムース,6325256,0,抹茶とホワイトチョコのふわふわムース。あんこやフルーツで色々楽しめます。,"{'■': ['フルーツ'], '卵': ['2個'], 'グラニュー糖': ['25g'], '薄力粉': ['50g'], '抹茶': ['小さじ1/2'], '水': ['30cc'], 'ホワイトラム': ['小さじ1'], '生クリーム': ['140cc'], 'ゼラチン': ['4g'], '牛乳': ['60cc'], 'ホワイトチョコ': ['60g'], '卵白': ['1個分']}",,1,0,1,0,0,0,0,0,0,0,0,0,0,0,0,0,0,0,0,0,0,0,0,0,0,0,0,0,0,0,0,0,0,0,0,0,0,0,0,0,0,0,0,mechanic/geomet,0,0,0,0,0,0,0,0,0,0,0,0,0,0,0,0,0,0,0,0,0,0,0,0,0,0,0,0,0,0,0,0,0,0,0,0, 
0.011428571,0,0,0,0,0,0,0.274285714,0.068571429,0,0,0.054857143,0.230857143,['ゼラチン ムース'],トロぷるチョコレートムース,6650593,0,甘過ぎない、トロトロぷるぷるなチョコレートムースです簡単に量産できますよ！バレンタインなどに是非,"{'チョコレート': ['300g'], '☆ココアパウダー': ['45g'], '☆お湯': ['100ml'], '牛乳': ['750ml'], '生クリーム': ['600ml'], 'グラニュー糖': ['60g'], '練乳': ['150g'], '●粉ゼラチン': ['25g'], '●水': ['120g'], '■': ['【飾付け】'], 'ココアパウダー': ['お好みで'], '金粉': ['お好みで']}",,2,1,0,0,0,0,0,0,0,0,0,0,0,0,0,0,0,0,0,0,0,0,0,0,0,0,0,0,0,0,0,0,0,0,0,0,0,0,0,0,0,0,0,mechanic/geomet,0,1,0,0,0,0,0,0,0,0,0,0,0,0,0,0,0,0,0,0,0,0,0,0,0,0,0,0,0,0,0,0,0,0,0,0, 
0.007092199,0,0,0,0,0,0,0.283687943,0,0.425531915,0,0,0.283687943,['ゼラチン ムース'],ふわふわのヨーグルトムース,6286111,2,手土産にも！！こってり濃厚なヨーグルトムース,"{'ヨーグルト': ['300g'], '生クリーム': ['200cc'], 'グラニュー糖': ['50g'], 'ゼラチン': ['5g'], 'レモン汁': ['大さじ1'], '冷凍ブルーベリー': ['150g']}",ふわふわで美味しかったです簡単ですぐできるのがいいですね！おいしかったです(^^)♪,3,0,2,0,0,0,0,0,0,0,0,0,0,0,0,0,0,0,0,0,0,0,0,0,0,0,0,0,0,0,0,0,0,0,0,0,0,0,0,0,0,0,0,mechanic/geomet,0,0,0,0,0,0,0,0,0,0,0,0,0,0,0,1,0,0,0,0,0,0,0,0,0,0,0,0,0,0,0,0,0,0,0,0, ふわふわ で 美味しかったです 簡単 です ぐできるのがいいですねおいしかったです 
0.005417118,0,0,0,0.019501625,0,0,0.216684724,0.216684724,0,0,0,0.541711809,['ゼラチン ムース'],イチゴムース,6254249,1,ふわっとしたムースがいいと言う要望が有り、生クリームは８分立てでボリューム感を出してみました。,"{'イチゴ': ['500g'], '砂糖': ['大さじ2'], 'レモン汁': ['大さじ1'], '牛乳': ['200g'], '生クリーム': ['200g'], 'ゼラチン': ['5g']}",ふわっと美味しかったです！,1,0,4,0,0,0,0,0,0,0,0,0,0,0,0,0,0,0,0,0,0,0,0,0,0,0,0,0,0,0,0,0,0,0,0,0,0,0,0,0,0,0,0,mechanic/geomet,0,0,0,0,0,0,0,0,0,0,0,0,0,0,0,0,0,0,0,0,0,0,0,0,0,0,0,0,0,0,0,0,0,0,0,0, ふわっと 美味しかったです 
0.013586957,0,0,0,0.008152174,0,0,0.543478261,0,0,0,0.163043478,0.27173913,['ゼラチン ムース'],ふんわりとろける大人のチョコレートムース,6635569,0,とっても簡単で濃厚なのにふんわり♪口どけも滑らかで、ひと口で幸せ気分になれちゃうバレンタインにぴったりのチョコムースです,"{'製菓用チョコレート（ビター。塊なら刻む）': ['100ｇ'], '洋酒（ブランデー、ラム酒、コアントローなどお好みで）': ['小さじ1/2'], '生クリーム': ['200g'], '砂糖': ['小さじ1'], '■': ['【トッピング用】'], '粉ゼラチン': ['5g'], '水': ['60cc（大さじ4）'], '無調整ココア（無糖）': ['適量'], '好みで）アラザン、金箔、オレンジピール、イチゴなどベリー類、ミントの葉、スポンジなど': ['適量']}",,5,0,2,0,0,0,0,0,0,0,0,0,0,0,0,0,0,0,0,0,0,0,0,0,0,0,0,0,0,0,0,0,0,0,0,0,0,0,0,0,0,0,0,mechanic/geomet,1,0,0,1,0,0,0,0,1,0,0,0,0,0,0,0,0,0,0,0,0,0,0,0,0,0,0,0,0,0,0,0,0,0,0,0, 
0.027439024,0,0,0,0.018292683,0,0,0,0.640243902,0,0,0,0.304878049,['ゼラチン ムース'],バレンタインに！固めるだけのチョコムース,6577014,113,ぷるんとなめらか、ミルクとチョコレートのまろやかな甘さがたまらない♪おうちバレンタインにもぴったりなチョコムース☆,"{'チョコレート': ['100g'], '牛乳': ['200ml'], '砂糖': ['小さじ2'], '粉ゼラチン': ['小さじ1（約3g）'], '水（ゼラチンふやかす用）': ['大さじ1']}","グラサージュ掛けました！簡単にできるのが素晴らしいお味も最高半量で作ったけど簡単で美味しかったです!こし器がなくて省いたら二層になり失敗…。再チャレンジします!!簡単にできました。濃厚で美味しかったですが甘めだったのでフルーツを添えて頂きました。ゼラチン少し減らしてビターチョコとマシュマロ1つとラム酒とココア粉入れて作りました！ふわふわし過ぎず生っぽく濃厚で狙った通りに♪簡単に出来ました！濃厚で美味しかったですとても簡単に、美味しいチョコムースができました！デコレーションも可愛くテンションアップです。
簡単、可愛い！小3の娘と一緒に作りました。次はもう1人で作れる！って言っています！ピックだけでスタイリッシュな仕上がりに。濃いめに作りました！美味！旗を足して気分も上がります♪子どもと作りましたが簡単なのに美味しい！家族みんなでペロリブラックチョコで♪可愛いし好評でした！溶かし、混ぜ、冷やすだけで美味しいデザートできて嬉しい!息子達も「美味しい！！また作って」と大絶賛でした♪
お手軽に作れるので、普段のおやつにも良いな～と思います♪簡単だけどﾌﾗｯｸﾞつけるだけでドレスアップした感じ。濃厚なチョコムース美味しいです(^^)簡単なのでまた作りたいです子どもと一緒につくりました^ ^ピックも簡単に作れていいですね簡単に作れました混ぜて固めるだけで美味しくできました!フラッグのデコレーションも可愛くて、楽しいバレンタインデーになりました。簡単でおいしいだけでなく、フラッグでかわいらしさもプラス！こんなメッセージカードを添えたら喜ばれました＾＾子供と一緒に作りました。フラッグで一気に華やかになりいいですね！簡単にオシャレデコレーションになりました♪簡単10分で完成！時間をかけずに可愛いくて美味しいムースが作れました。濃厚で美味しくお店の味のようでした。デコもかわいいしまた作ります今年のバレンタインに二人の息子とパパに。大喜びでした！簡単だけど濃厚で美味しかったです。簡単だけど見た目も可愛くてすごく喜んでもらえました！チョコの濃厚な味が美味しかったです！飾り付けも、子どもたちが楽しんでやってくれました♪バレンタインじゃなくても作りたいです！！混ぜて固めるだけなので、娘と簡単に作れました。ピックも可愛い～♪固めるだけですぐできておいしい！飾りでかわいさアップ♪忙しくても家事の合間に簡単に出来ました。ムースと言うより濃厚なチョコプリンな感じ。簡単で美味しくできて満足です◎息子も喜んでくれて良かったです！子供と作りました。少し固めになってしまいましたが、簡単で美味しかったです。濃厚なチョコ味、作った自分もビックリの美味しさでした。息子にどうやって作ったの?と聞かれ、簡単過ぎて教えようか迷いましたw濃厚で美味しかったです。凄く簡単なのに濃厚でした！リピ決定です♪♪3歳の子供と楽しく簡単に作れました。すごく簡単でミルクチョコで作ったら5歳の娘でも食べやすい甘くてマイルドなチョコムースに仕上がりました簡単おいしくてきました！初めてのムースも上手に出来ました！上にオレオを砕いてトッピングしました！
子供たちだけで作成！フラッグが有るのと無いのとでは楽しさや盛り上がりが全然違います！簡単でかわいくできました！美味しくてみんな喜んでくれました！子供が楽しんで飾り付けをしてくれました！華やかになって良き簡単なのに濃厚なめらかムースが出来ちゃいました　ホイップとイチゴをトッピング簡単なのにとっても濃厚可愛いピックで子供達大喜びです。とても濃厚で美味しいです！ピックも可愛い！簡単なのに美味しい～いちごと粉砂糖でさらにかわいく
5人家族なのでそのままの量で5等分に。かわいく出来ました♪６才の娘と作りました♪チョコ濃厚で満足★材料少ないのにクオリティー高い！しかもかわいい娘と作りました。簡単で美味しくて可愛いと大満足です。パパの分も無くなってしまうくらい人気でした。子供と一緒に作りました☆飾り付けするだけで豪華に見えますね(^-^)簡単にチョコムースが出来るんですね♪これからは手軽に作りたいです！フラグを付けるだけでメチャ可愛い！娘にピックを作って貰いました。次は可愛いカップで作ります！濃厚チョコムースが簡単に作れました♪可愛いフラッグに子供達大喜び5歳、3歳の子どもと一緒に作りました！手作りりんごジャムも添えてビターチョコで甘さ控えめに。子どもたちも大喜びでした混ぜて固めるだけ子どもたちと一緒に作りました。おうちバレンタイン！レシピありがとうございます簡単で美味しいのでパーティーにもピッタリ！！ピックを刺すだけで特別な感じになりますねほんっとにおいしかったです！家族にも大好評で喜ばれましたゼラチン入れすぎて固くなってしまった！リベンジするぞ！チョコを溶かすの簡単で楽♪濃厚チョコ味でとってもおいしく、ちびっこはフラッグ作りも楽しめてよかったです(^-^)濃厚♪簡単美味しく出来ました☆可愛いプリントで気分が上がります♪ピックが可愛い～とっても簡単で美味しいのでまた作ります♪簡単に出来て美味しかったです。ピックでとても可愛くなりました♪簡単に出来ました♪生クリーム使わなくても濃厚で美味しかったです簡単！濃厚で美味しい仕上がりです。飾り付けで華やかに簡単ですぐに作り終わりました。ピックが可愛くて色々使いたいです簡単てとっても美味しくできました！牛乳だからヘルシー可愛らしくできました^ ^ また作ります♪固めるだけで簡単！濃厚で美味～フラッグで豪華になりました☆小1娘と作りましたとても簡単なのに、可愛くて美味しい仕上がりに大満足♪また作りたいです！娘と一緒に作りました！！簡単で美味しい！！滑らかなムース(o^∀^o)また作ります！！簡単で、ひんやり美味しいスイーツの出来上がり！POPも可愛いとても簡単に可愛く出来ました。濃厚でなめらかなチョコムースです。「めちゃくちゃ美味しい！」と子供たちに大好評でした(*^^*)とっても美味しかったです！ありがとうございました(^^)/かわいくおいしくできました！ボトムにラズベリージャムを入れてうまー。少ない材料でとっても濃厚なチョコムースができました！見た目も可愛くて子どもも喜んでいました。簡単にデコれて可愛くできました♪またリピして作りたいです。簡単にできました！濃厚で美味しかったです♪濃厚で口当たりのよいチョコムースが簡単にできました。ピックもかわいい♪子供にもお手伝いしてもらいながら楽しく出来ました。旗を作るだけでイベント感が出て素敵ですね♪子どもと作りました♪簡単で美味しいです＾＾また作りますとにかく簡単！ビターチョコ使用で甘過ぎず大人にもちょうどいい甘さでした。ちょこってなんでもおいしい！ゼラチンで簡単なめらか～♪漉しは必須です(｀･ω･´)ゞすっごい簡単でした♪砂糖は入れなくても十分だったかも？濃厚で美味しいっ!
イチゴも乗せてみました美味しい！と子供達が喜んで食べてました(*^^*)簡単にできました♪美味しくて可愛くて主人も大喜びバレンタインパーティにも是非～簡単で美味しかったです！次は子どもと作ります★固めるだけで手軽なのにプルプルで美味甘さも丁度良いです♪フラッグも可愛くて、どの旗にするか盛り上がり笑子供達大喜びでしたちゃんと濾さなかったら、分離してしまいましたが濃厚で美味！苺と生クリームトッピング。簡単美味しい。そして可愛くなりましたとっても美味しいチョコムースが簡単にできてうれしいです。プルプルおいしかったです！あまり甘くないのも良いですね。豆乳でも濃厚に出来ました！思ったより手順も少なく簡単♪チョコ好きの子どもに好評でしたチョコの美味しさが凝縮！ひんやり冷たいムースでのどごし爽やか♪ぷるぷる、美味しかった。本番も作ります。メッセージは、内緒です。簡単にできました。甘過ぎないので年代問わずに喜ばれますね。なめらかなチョコムース、とても美味しかったです。バレンタインにピッタリですね！子供が美味い！と言ってくれました
ビックリするほど簡単で、子どもでもできると思いました。味も本格的で、これならホワイトと二層にしてもいいな。リッチな配合で濃厚。可愛くて美味しくてバレンタインデーにピッタリビターチョコで作ったので甘すぎず、甘いもの苦手な息子も喜。子供と楽しく作りました！！ホイップといちごもトッピング！簡単に美味しくできました！(^^)子供たちでも簡単に作ることが出来ました！ブラックチョコレートで大人の味に。主人も喜んでくれました。滑らかプリンが手軽に！ホワイトチョコやベリーチョコでリピします子供が作ったピックで、デコ！子供と作りました！すごく簡単でとても美味しかったです！濃厚で美味しかったですバレンタインの練習に。簡単でなめらかな食感がたまらないです♪",6,4,1,0,0,0,0,0,0,0,0,0,0,0,0,0,0,0,0,0,0,0,0,0,0,0,0,0,0,0,0,0,0,0,0,0,0,0,0,0,0,0,0,mechanic/geomet,8,0,0,0,0,0,0,0,0,0,0,0,0,0,0,0,0,0,0,0,0,0,0,0,0,0,0,0,0,0,0,0,0,0,0,0, グラサージュ 掛け ました 簡単 に できる の が 素晴らしい お味 も 最高 半量 で 作ったけど 簡単 で 美味しかった で すこし器 が なく て 省い たら 二層 に なり 失敗 。 再チャレンジします 簡単 に できました 。 濃厚 で 美味しかったです が 甘めだったので フルーツ を添え て 頂きました 。 ゼラチン 少し減らし て ビター チョコ と マシュマロつとラム酒 と ココア 粉 入れ て 作りました ふわふわ し過ぎず生っぽく 濃厚 で 狙っ た 通り に 簡単 に 出来ました 濃厚 で 美味しかったです とても 簡単 に 、 美味しい チョコムース が できました デコレーション も 可愛く テンションアップ です 。 簡単 、 可愛い 小 の 娘と一緒 に 作りました 。 次は もう 人 で 作れる って言っ てい ます ピック だけ で スタイリッシュ な 仕上がり に 。 濃いめ に 作りました 美味 旗 を 足し て 気分 も 上がり ます 子ども と 作りました が 簡単なのに 美味しい 家族みんな で ペロリブラックチョコ で 可愛い し 好評でした 溶かし 、 混ぜ 、 冷やすだけ で 美味しい デザート でき て 嬉しい 息子達 も 美味しい また作って と 大絶賛でした お手軽 に 作れるので 、 普段 の おやつ に も 良い な と思います 簡単 だけど つける だけ で ドレスアップした感じ 。 濃厚 な チョコムース 美味しい です 簡単 なので また作りたい です 子どもと一緒 に つくりました ピック も 簡単 に 作れ て いいですね 簡単 に 作れ ました 混ぜ て 固めるだけ で 美味しくできました フラッグ の デコレーション も 可愛く て 、 楽しい バレンタインデー に なりました 。 簡単 で おいしい だけ で なく 、 フラッグ で かわいらしさ も プラスこんなメッセージカードを添えたら喜ばれ ました 子供と一緒 に 作りました 。 フラッグ で 一気に 華やか に なり いいですね 簡単 に オシャレデコレーション に なりました 簡単 分 で 完成 時間 をかけ ず に 可愛いく て 美味しい ムース が 作れ ました 。 濃厚 で 美味しく お店 の 味 の よう でした 。 デコ も かわいい し また作ります 今年 の バレンタイン に 二人 の 息子 と パパ に 。 大喜びでした 簡単 だけど 濃厚 で 美味しかったです 。 簡単 だけど 見た目 も 可愛く て すごく 喜んでもらえました チョコ の 濃厚 な 味 が 美味しかったです 飾り付け も 、 子どもたち が 楽しん で やってくれました バレンタイン じゃなく て も 作りたい です 混ぜ て 固めるだけ なので 、 娘 と 簡単 に 作れ ました 。 ピック も 可愛い 固めるだけ で すぐ でき て おいしい 飾り で かわいさアップ忙しく て も 家事 の 合間 に 簡単 に 出来ました 。 ムース と 言うより 濃厚 な チョコ プリン な 感じ 。 簡単 で 美味しくでき て 満足 です 息子 も 喜んでくれ て 良かった です 子供 と 作りました 。 少し 固め に なってしまいました が 、 簡単 で 美味しかったです 。 濃厚 な チョコ 味 、 作った 自分 も ビックリ の 美味しさ でした 。 息子 に どうやっ て 作った の と 聞かれ 、 簡単 過ぎ て 教えようか迷い ました w 濃厚 で 美味しかったです 。 凄く 簡単なのに 濃厚 でした リピ決定 です 歳 の 子供 と 楽しく 簡単 に 作れ ました 。 すごく 簡単 で ミルク チョコ で 作ったら 歳 の 娘 で も 食べやすい 甘く て マイルド な チョコムース に 仕上がり ました 簡単 おいしく て き ました 初めて の ムース も 上手 に 出来ました 上 に オレオ を 砕い て トッピング しました 子供たち だけ で 作成フラッグ が 有る の と 無い の と で は 楽しさや盛り上がり が 全然違い ます 簡単 で かわいくできました 美味しくて みんな 喜んでくれました 子供 が 楽しん で 飾り付け を してくれました 華やか に なって 良き 簡単なのに 濃厚 なめらか ムース が 出来 ちゃいました ホイップ と イチゴ を トッピング 簡単 な の にとっても 濃厚 可愛い ピック で 子供達 大喜び です 。 とても 濃厚 で 美味しい です ピック も 可愛い 簡単なのに 美味しい いちご と 粉砂糖 で さらに かわいく 人 家族 なので そのまま の 量 で 等分 に 。 かわいく 出来ました 才 の 娘 と 作りました チョコ 濃厚 で 満足材料少ないのにクオリティー高いしかもかわいい 娘 と 作りました 。 簡単 で 美味しくて 可愛い と 大満足 です 。 パパ の 分 も 無くなっ て しまうくらい人気 でした 。 子供と一緒 に 作りました 飾り付け する だけ で 豪華 に 見えますね 簡単 に チョコムース が 出来るんですね これから は 手軽 に 作りたい です フラグ を 付ける だけ で メチャ 可愛い 娘 に ピック を 作って 貰い ました 。 次は 可愛い カップ で 作ります 濃厚 チョコムース が 簡単 に 作れ ました 可愛い フラッグ に 子供達 大喜び 歳 、 歳 の 子どもと一緒 に 作りました 手作り りんご ジャム も 添え て ビター チョコ で 甘さ控えめ に 。 子どもたち も 大喜びでした 混ぜ て 固めるだけ 子どもたち と一緒 に 作りました 。 おうち バレンタイン レシピありがとうございます 簡単 で 美味しい ので パーティー に も ピッタリ ピック を 刺すだけ で 特別 な 感じ に なりますねほんっと に おいしかったです 家族 に も 大好評 で 喜ばれました ゼラチン 入れすぎ て 固くなっ て しまったリベンジするぞ チョコ を 溶かす の 簡単 で 楽 濃厚 チョコ 味 で とっても おいしく 、 ちびっこ は フラッグ 作り も 楽しめ て よかった です 濃厚 簡単 美味しく出来ました 可愛い プリント で 気分 が 上がり ます ピック が 可愛い とっても 簡単 で 美味しい ので また作ります 簡単 に 出来 て 美味しかったです 。 ピック で とても 可愛く なりました 簡単 に 出来ました 生クリーム 使わなく て も 濃厚 で 美味しかったです 簡単 濃厚 で 美味しい 仕上がり です 。 飾り付け で 華やか に 簡単 で すぐ に 作り 終わり ました 。 ピック が 可愛く て 色々 使い たい です 簡単 て とっても 美味しくできました 牛乳 だから ヘルシー 可愛らしく できました また作ります 固めるだけ で 簡単 濃厚 で 美味 フラッグ で 豪華 に なりました 小娘 と 作りました とても 簡単なのに 、 可愛く て 美味しい 仕上がり に 大満足 また作りたい です 娘と一緒 に 作りました 簡単 で 美味しい 滑らか な ムース oo また作ります 簡単 で 、 ひんやり 美味しい スイーツ の 出来上がりPOP も 可愛い とても 簡単 に 可愛く 出来ました 。 濃厚 で なめらか な チョコムース です 。 めちゃくちゃ 美味しい と 子供たち に 大好評でした とっても美味しかったです ありがとうございましたかわいくおいしくできましたボトム に ラズベリージャム を 入れ て うまー 。 少ない材料 で とっても 濃厚 な チョコムース が できました 見た目 も 可愛く て 子ども も 喜んでい ました 。 簡単 に デコれ て 可愛くできましたまたリピし て 作りたい です 。 簡単 に できました 濃厚 で 美味しかったです 濃厚 で 口当たり の よい チョコムース が 簡単 に できました 。 ピック も かわいい 子供 に も お手伝い して もらい ながら 楽しく 出来ました 。 旗 を 作る だけ で イベント 感 が 出 て 素敵 ですね 子ども と 作りました 簡単 で 美味しい です また作ります とにかく 簡単 ビターチョコ 使用 で 甘過ぎず 大人 に も ちょうどいい甘さ でした 。 ちょこってなん でも おいしい ゼラチン で 簡単 なめらか 漉し は 必須 です すっごい 簡単 でした 砂糖 は 入れ なく て も 十分 だった か も 濃厚 で 美味しいっ イチゴ も 乗せてみました 美味しい と 子供達 が 喜んで食べ て ました 簡単 に できました 美味しくて 可愛く て 主人 も 大喜び バレンタイン パーティ に も 是非 簡単 で 美味しかったです 次は 子ども と 作ります 固めるだけ で 手軽 なのに プルプル で 美味 甘さ も 丁度良い です フラッグ も 可愛く て 、 どの旗 に する か 盛り上がり 笑 子供達大喜びでしたちゃんと濾さなかったら 、 分離してしまいました が 濃厚 で 美味 苺 と 生クリーム トッピング 。 簡単 美味しい 。 そして 可愛く なりました とっても 美味しい チョコムース が 簡単 に でき て うれしい です 。 プルプル おいしかったです あまり 甘く ない の も 良いですね 。 豆乳 でも 濃厚 に 出来ました 思ったより 手順 も 少なく 簡単 チョコ 好き の 子ども に 好評でした チョコ の 美味しさ が 凝縮ひんやり冷たい ムース で のどごし 爽やか ぷるぷる 、 美味しかった 。 本番 も 作ります 。 メッセージ は 、 内緒 です 。 簡単 に できました 。 甘過ぎないので年代問わず に 喜ばれますね 。 なめらか な チョコムース 、 とても 美味しかったです 。 バレンタイン に ピッタリ ですね 子供 が 美味いと言ってくれましたビックリするほど 簡単 で 、 子ども でも できると思い ました 。 味 も 本格的 で 、 これなら ホワイト と 二層 に して も いい な 。 リッチな配合 で 濃厚 。 可愛く て 美味しくて バレンタインデー に ピッタリビターチョコ で 作ったので 甘すぎず 、 甘いもの苦手な 息子 も 喜 。 子供 と 楽しく 作りました ホイップ と いちご も トッピング 簡単 に 美味しくできました 子供たち で も 簡単 に 作ること が 出来ました ブラックチョコレート で 大人 の 味 に 。 主人 も 喜んでくれました 。 滑らか プリン が 手軽 に ホワイトチョコ や ベリー チョコ で リピします 子供 が 作った ピック で 、 デコ 子供 と 作りました すごく 簡単 で とても 美味しかったです 濃厚 で 美味しかったです バレンタイン の 練習 に 。 簡単 で なめらか な 食感 が たまらない です 
0.030397506,0,0,0,0.116913484,0,0,0.249415433,0,0.187061574,0.311769291,0,0.093530787,['ゼラチン ムース'],柚子香るブルーベリーレアチーズムース,6133032,0,柚子香るふわっふわのレアチーズムースにドライワイルドブルーベリーの淡い紫色と甘酸っぱさがコーヒーにも紅茶にもピッタリ,"{'プレーンヨーグルト無糖': ['120g (1/2カップ)'], 'クリームチーズ': ['200g'], 'グラニュー糖(砂糖)': ['75g'], '粉ゼラチン': ['7g'], '水(ゼラチン用)': ['大さじ2 (30cc)'], '柚子果汁（レモン果汁で代用可）': ['大さじ1/2'], '生クリーム(脂肪35-38%)': ['160g（3/4カップ）'], 'ドライワイルドブルーベリー': ['60g']}",,1,0,1,0,0,0,0,0,0,0,0,0,0,0,0,0,0,0,0,0,0,0,0,0,0,0,0,0,0,0,0,0,0,0,0,0,0,0,0,0,0,0,0,mechanic/geomet,0,0,0,0,0,0,0,0,0,0,0,0,0,0,0,0,0,0,0,0,0,0,0,0,0,0,0,0,0,0,0,0,0,0,0,0, 
0.018348624,0,0,0,0.036697248,0.183486239,0.122324159,0,0.305810398,0,0,0,0.305810398,['ゼラチン ムース'],生クリーム無しでキャラメルムース,6103435,0,生クリームを使わずにムースのように仕上げたキャラメル風味のムース風デザートです。ふんわり軽い新食感です。,"{'○卵黄': ['２個'], '○砂糖': ['大さじ１'], '○牛乳': ['１００ｇ'], '●板ゼラチン': ['６ｇ'], '※カラメルソース（ID5107031）': ['１００ｇ'], '★卵白': ['２個分'], '★砂糖': ['小さじ１']}",,3,0,1,0,0,0,0,1,0,0,0,0,0,0,0,0,0,0,0,0,0,0,0,0,0,0,0,0,0,0,0,0,0,0,0,0,0,0,0,0,0,0,0,mechanic/geomet,0,0,0,0,0,0,0,0,0,0,0,0,0,0,0,0,0,0,0,0,0,0,0,0,0,0,0,0,0,0,0,0,0,0,0,0, 
0.081521739,0,0,0,0.048913043,0,0,0.108695652,0,0.489130435,0,0,0.27173913,['ゼラチン ムース'],ふんわりキウイのヨーグルトムース,5947139,0,お好きなジャム、フルーツで作れます。火を使わずホエーも無駄にしません。ヨーグルト使い切りにも。,"{'ヨーグルト(ブルガリアが断然良い)': ['450g（１パック）'], 'キウイジャム': ['250g'], '砂糖': ['45g～'], '生クリーム': ['100ml'], 'ゼラチン': ['75g（15袋）'], 'ラム酒（お好みで）': ['小さじ１～２']}",,1,0,1,0,0,0,0,0,0,0,0,0,0,0,0,0,0,0,0,0,0,0,0,0,0,0,0,0,0,0,0,0,0,0,0,0,0,0,0,0,0,0,0,mechanic/geomet,0,0,0,0,0,0,0,0,0,0,0,0,0,0,0,0,0,0,0,0,0,0,0,0,0,0,0,0,0,0,0,0,0,0,0,0, 
0.00755287,0,0,0,0.040785498,0,0,0.302114804,0,0,0,0.045317221,0.604229607,['ゼラチン ムース'],簡単♪混ぜて冷やすだけ★マンゴームース,5774048,7,簡単な手順、材料もｼﾝﾌﾟﾙですが、本格的なお店ｸｵﾘﾃｨｰです♪夏に美味しい贅沢なﾑｰｽです,"{'マンゴー': ['300g'], '砂糖': ['大さじ3'], '生クリーム': ['200ml'], 'ゼラチンパウダー': ['5g'], '水': ['大さじ2'], 'マンゴー飾り用': ['100g'], 'ミントの葉(お好みで)': ['6枝']}",マンゴーの量がギリギリでトッピング無し。簡単に出来たけど、とってもクリーミーで美味しかったです。缶詰マンゴー使用なので砂糖なしでちょうど良かったです☆綺麗な黄色で夏にピッタリなスイーツ(о´∀`о)ホームパーティーで。大好評でした＼(^^)／ありがとうございます簡単なのにとっても美味しく出来ました♪完熟マンゴーだったのでお砂糖なしでも大丈夫だった気がします笑　リピさせて頂きます甘さもちょうどよくて、すっごく美味しかったです！！混ぜるだけで本格的。ふんわりして美味しいです。とても簡単で美味しくできました！,2,0,1,0,0,0,0,0,0,0,0,0,0,0,0,0,0,0,0,0,0,0,0,0,0,0,0,0,0,0,0,0,0,0,0,0,0,0,0,0,0,0,0,mechanic/geomet,0,0,0,0,1,0,0,0,0,0,0,0,0,0,0,0,0,0,0,0,0,0,0,0,0,0,0,0,0,0,0,0,0,0,0,0, マンゴー の 量 が ギリギリ で トッピング 無し 。 簡単 に 出来 たけど 、 とっても クリーミー で 美味しかったです 。 缶詰 マンゴー 使用 なので 砂糖なし で ちょうど良かった です 綺麗 な 黄色 で 夏 に ピッタリ な スイーツホームパーティー で 。 大好評でした ありがとうございます 簡単 な の にとっても 美味しく出来ました 完熟マンゴー だったので お砂糖なし でも 大丈夫 だった 気 が します 笑 リピさせて頂きます 甘さ も ちょうどよく て 、 すっごく 美味しかったです 混ぜるだけ で 本格的 。 ふんわり して 美味しい です 。 とても 簡単 で 美味しくできました 
0.00660502,0,0,0,0.079260238,0,0,0.052840159,0.332892999,0,0,0,0.528401585,['ゼラチン ムース'],長イモムース,5765716,0,長イモでふわっとした仕上がりに。卵不使用でもおいしいです！,"{'長イモ': ['400g'], '低脂肪牛乳': ['240㏄'], '生クリーム': ['40㏄'], '砂糖': ['60g'], '粉ゼラチン': ['5g'], '塩': ['ひとつまみ']}",,1,0,2,0,0,0,0,0,0,0,0,0,0,0,0,0,0,0,0,0,0,0,0,0,0,0,0,0,0,0,0,0,0,0,0,0,0,0,0,0,0,0,0,mechanic/geomet,0,0,0,0,0,0,0,0,0,0,0,0,0,0,0,0,0,0,0,0,0,0,0,0,0,0,0,0,0,0,0,0,0,0,0,0, 
0.011325028,0,0,0,0,0.06795017,0,0.453001133,0.071347678,0,0,0.06795017,0.328425821,['ゼラチン ムース'],本格チョコムース,6424555,0,超適当に作ってみたのに、めちゃくちゃ美味しかった。甘さ控えめで大人の味です。フワフワしっとりでやばい。,"{'生クリーム': ['200cc'], '卵白': ['1個分'], '水': ['30g'], 'グラニュー糖': ['60g'], 'カカオ80%チョコレート': ['85g'], '粉ゼラチン': ['5g'], '牛乳': ['30cc']}",,1,0,1,0,0,0,0,0,0,0,0,0,0,0,0,0,0,0,0,0,0,0,0,0,0,0,0,0,0,0,0,0,0,0,0,0,0,0,0,0,0,0,0,mechanic/geomet,0,0,0,0,0,0,0,0,0,0,0,0,0,0,0,0,0,0,0,0,0,0,0,0,0,0,0,0,0,0,0,0,0,0,0,0, 
0.034482759,0,0,0,0,0,0,0.344827586,0.362068966,0,0,0.051724138,0.206896552,['ゼラチン ムース'],ゼラチンで、なめらか～チョコムース,5152846,15,生クリームをホイップし、ゼラチンを使って、口当たりなめらかなチョコムースを作りました。,"{'○板チョコ': ['1枚(50g)'], '○牛乳': ['100ml'], '○ココアパウダー': ['10g'], '●粉ゼラチン': ['1/2袋(25g)'], '●水': ['大さじ1'], '生クリーム': ['100ml']}","ハロウィン時ホワイトチョコ味にしてお世話になりました♪なめらかで美味しかったです♪(*^^*)アレンジして3種類！ブラックチョコ＋ココア・ホワイトチョコ＋抹茶・ストロベリーチョコ で作成♪生クリ泡だてず手抜き投入でも美味！ムースの上にホイップクリームといちごをのせました。すごく美味しかったです。また作ります！食感がとにかく最高でした(^O^)甘さ控えめで美味しく作れました☆ゼラチン無かったのですがめちゃめちゃ美味しくなりました！！ふわふわなめらか～で美味しかったです！娘作^_^とってもなめらか♪甘すぎず美味しかったです美味しくできました♪ほんとになめらか～でした！おいしかったです一生このレシピでいきます！絶妙な柔らかさ。ホワイトチョコムースと二層にしました。大成功！見た目はうまくいってませんが簡単でおいしかったです!
チョコ余ってたので80グラムで作りましたが美味しくできました！",3,0,1,0,0,0,0,0,0,0,0,0,0,0,0,0,0,0,0,0,0,0,0,0,0,0,0,0,0,0,0,0,0,0,0,0,0,0,0,0,0,0,0,mechanic/geomet,6,0,0,0,0,0,0,0,0,0,0,0,0,0,0,0,0,0,0,0,0,0,0,0,0,0,0,0,0,0,0,0,0,0,0,0, ハロウィン 時 ホワイトチョコ 味 に して お世話 に なりました なめらか で 美味しかったです アレンジ して 種類ブラックチョコココアホワイトチョコ抹茶ストロベリー チョコ で 作成生クリ泡だてず手抜き投入 で も 美味 ムース の 上 に ホイップクリーム と いちご をのせ ました 。 すごく 美味しかったです 。 また作ります 食感 が とにかく 最高 でした O 甘さ控えめ で 美味しく作れました ゼラチン 無かった の です が めちゃめちゃ 美味しく なりました ふわふわ なめらか で 美味しかったです 娘 作 とっても なめらか 甘すぎず 美味しかったです 美味しくできました ほんとに なめらか でした おいしかったです 一生 このレシピ で いきます 絶妙 な 柔らかさ 。 ホワイトチョコムース と 二層 に しました 。 大成功 見た目 は うまくいっ て ません が 簡単 で おいしかったです チョコ 余っ て たので グラム で 作りました が 美味しくできました 
0.0125,0,0,0,0,0,0,0,0.2625,0,0,0.375,0.35,['ゼラチン ムース'],すももジュレ&豆乳とマシュマロのムース,5709796,0,とろりん赤いすももジュレと、豆乳とマシュマロだけで作る簡単ふわふわムース！コラーゲンもたっぷり～,"{'すもも': ['120g'], 'すもも（上にのせる分）': ['1個'], '水': ['150ml'], 'アカシア蜂蜜（普通の蜂蜜でも可）': ['大さじ 2'], 'ゼラチン': ['5g'], '豆乳': ['100cc'], 'マシュマロ': ['20g'], 'ミントの葉': ['適量']}",,2,0,1,0,0,0,0,0,0,0,0,0,0,0,0,0,0,0,0,0,0,0,0,0,0,0,0,0,0,0,0,0,0,0,0,0,0,0,0,0,0,0,0,mechanic/geomet,0,2,0,0,0,0,0,0,0,0,0,0,0,0,0,0,0,0,0,0,0,0,0,0,0,0,0,0,0,0,0,0,0,0,0,0, 
0.043993232,0,0,0,0.084602369,0,0,0.338409475,0.355329949,0,0,0,0.169204738,['ゼラチン ムース'],簡単すぎる♪チョコレートムース,6398037,1,簡単に、負担なくプルンプルンのチョコレートムースを存分に食べてください♪,"{'ゼラチン': ['1袋'], 'お湯(ゼラチン溶かす用)': ['40㏄'], '生クリーム': ['1箱200cc'], '砂糖(入れなくてもOK)': ['50g'], 'チョコレート': ['100g'], '豆乳(牛乳)': ['200㏄'], 'ココア(お好みで)': ['適量']}",混ざらず3層になってしまいましたが食感が変わり美味しかったです。,2,3,0,0,0,0,0,0,0,0,0,0,0,0,0,0,0,0,0,0,0,0,0,0,0,0,0,0,0,0,0,0,0,0,0,0,0,0,0,0,0,0,0,mechanic/geomet,0,0,0,0,0,0,0,0,0,0,0,0,0,0,0,0,0,0,0,0,0,0,0,0,0,0,0,0,0,0,0,0,0,0,0,0, 混ざらず 層 に なってしまいました が 食感 が 変わり 美味しかったです 。 
0.016025641,0,0,0,0.038461538,0,0,0.320512821,0.336538462,0,0,0.032051282,0.256410256,['ゼラチン ムース'],苺たっぷり★ふんわりやわらか苺ムース,5567152,5,新鮮なイチゴとイチゴジャムを使ってイチゴ感倍増ムースにしました,"{'イチゴ': ['5個'], '牛乳': ['100cc'], 'イチゴジャム': ['30g'], '☆生クリーム': ['100cc'], '☆三温糖': ['大さじ1'], '★粉ゼラチン': ['5g'], '★お湯': ['50cc'], '■': ['（トッピング用）'], '水': ['小さじ2']}","ドームケーキの中身として作りました。３歳の息子も大喜びでした！ムースとジャムの相性バッチリでした！大量にいちごを頂いたので挑戦。
簡単で美味しく出来ました。苺はそのままのせちゃいました^^;甘酸っぱくて美味しかったですふんわりムースで美味しかったです酸味と甘味のバランスが素敵♪",1,0,2,0,0,0,0,0,0,0,0,0,0,0,0,0,0,0,0,0,0,0,0,0,0,0,0,0,0,0,0,0,0,0,0,0,0,0,0,0,0,0,0,mechanic/geomet,0,0,0,0,0,0,0,0,0,0,0,0,0,0,0,0,0,0,0,0,0,0,0,0,0,0,0,0,0,0,0,0,0,0,0,0, ドームケーキ の 中身 として 作りました 。 歳 の 息子 も 大喜びでした ムース と ジャム の 相性バッチリ でした 大量 に いちご を 頂いたので 挑戦 。 簡単 で 美味しく出来ました 。 苺 は そのまま のせ ちゃいました 甘酸っぱく て 美味しかったです ふんわり ムース で 美味しかったです 酸味 と 甘味 の バランス が 素敵 
0.035714286,0,0,0,0.071428571,0,0,0,0,0.396825397,0,0,0.396825397,['ゼラチン ムース'],ヨーグルトと豆腐のふわふわムース♪,5590712,0,ヨーグルトと絹ごし豆腐とホイップマリームでふわっと軽い口当たりのムースを作りました。,"{'マリーム': ['大さじ８'], '熱湯': ['大さじ２'], '砂糖': ['大さじ２～３'], 'ギリシャヨーグルト': ['100g'], '絹ごし豆腐': ['100g'], 'レモン汁': ['大さじ1'], '★粉ゼラチン': ['25g（1袋の半分）'], '★熱湯（ゼラチン用）': ['大さじ1'], 'いちご': ['8～10粒'], 'ミントの葉（あれば）': ['4枚']}",,2,0,3,0,0,0,0,1,0,0,0,0,0,0,0,0,0,0,0,0,0,0,0,0,0,0,0,0,0,0,0,0,0,0,0,0,0,0,0,0,0,0,0,mechanic/geomet,0,0,0,0,0,0,0,0,0,0,0,0,0,0,0,0,0,0,0,0,0,0,0,0,0,0,0,0,0,0,0,0,0,0,0,0, 
0.00886918,0,0,0,0,0.088691796,0,0.29563932,0.015521064,0.07390983,0,0.044345898,0.473022912,['ゼラチン ムース'],フレッシュ苺のムース,5409782,0,苺はフレッシュなものをピューレにして生クリームとヨーグルトの酸味とイタリアンメレンゲでふわふわの食感です。,"{'苺': ['200g'], '粉ゼラチン': ['6g'], '生クリーム': ['200g'], 'グラニュー糖': ['100g'], 'プレーンヨーグルト': ['50g'], 'レモン汁': ['大さじ1'], '卵白': ['60g'], '■': ['（オレオのバニラバージョンみたいなやつです。）'], '水': ['30ml'], 'エントリークッキー': ['一袋'], 'マーガリン': ['20g'], '牛乳': ['10ml'], '飾り用苺': ['7個'], '粉糖': ['少々']}",,2,0,1,0,0,0,0,0,0,0,0,0,0,0,0,0,0,0,0,0,0,0,0,0,0,0,0,0,0,0,0,0,0,0,0,0,0,0,0,0,0,0,0,mechanic/geomet,0,0,0,0,0,0,0,0,0,0,0,0,0,0,0,0,0,0,0,0,0,0,0,0,0,0,0,0,0,0,0,0,0,0,0,0, 
0.015384615,0,0,0,0.061538462,0,0,0.307692308,0,0,0,0,0.615384615,['ゼラチン ムース'],ふんわり…洋梨のムース☆,5397105,0,洋梨のピューレと泡立てた生クリームを固めるだけのシンプルで簡単なムースです。,"{'板ゼラチン': ['５ｇ'], '洋梨': ['２００ｇ'], '砂糖': ['２０ｇ'], 'レモン汁': ['大１/２'], 'ラム酒': ['大１/２'], '生クリーム': ['１００ｇ']}",,1,0,1,0,0,0,0,0,0,0,0,0,0,0,0,0,0,0,0,0,0,0,0,0,0,0,0,0,0,0,0,0,0,0,0,0,0,0,0,0,0,0,0,mechanic/geomet,0,0,0,0,0,0,0,0,0,0,0,0,0,0,0,0,0,0,0,0,0,0,0,0,0,0,0,0,0,0,0,0,0,0,0,0, 
0.0078125,0,0,0,0.125,0,0,0.15625,0.1640625,0,0,0,0.546875,['ゼラチン ムース'],ふわふわいちごムース,5327449,5,苺ムースはフードプロセッサーでとっても簡単に出来ます(*^^*)苺ソースもとっても簡単ピンクと赤が色鮮やか可愛い～,"{'冷凍苺': ['150g'], '生クリーム': ['100cc '], '牛乳': ['100cc '], '砂糖': ['80g'], 'レモン汁': ['大さじ1'], 'ゼラチン': ['5g'], '■': ['苺ソース'], '苺': ['200g']}",美味しかったです(*^^*)可愛く美味しくできて、嬉しいおやつ時間になりました。ありがとうございます。ミキサーで材料を混ぜるだけでとっても簡単でした( ^ω^ )また作りたいです！飾りがなくてさみしいですが美味しくて旦那さんにも好評でした！美味しく出来ました！,1,0,1,0,0,0,0,0,0,0,0,0,0,0,0,0,0,0,0,0,0,0,0,0,0,0,0,0,0,0,0,0,0,0,0,0,0,0,0,0,0,0,0,mechanic/geomet,0,0,0,0,0,0,0,0,0,0,0,0,0,0,0,0,0,0,0,0,0,0,0,0,0,0,0,0,0,0,0,0,0,0,0,0, 美味しかったです 可愛く 美味しくでき て 、 嬉しい おやつ 時間 に なりました 。 ありがとうございます 。 ミキサー で 材料 を 混ぜるだけ で とっても 簡単 でした また作りたい です 飾り が なく て さみしい です が 美味しくて 旦那さん に も 好評でした 美味しく出来ました 
0.010416667,0,0,0,0,0,0,0.260416667,0.078125,0.208333333,0.260416667,0.078125,0.104166667,['ゼラチン ムース'],ココアムースのビスケットサンド,5057139,0,ふんわりなめらかなココアムースのビスケットサンド♪甘さ控えめで体にやさしい手作りおやつです,"{'ビスケット（市販）': ['12枚'], 'クリームチーズ': ['50g'], 'ヨーグルト': ['40g'], 'グラニュー糖': ['20g'], 'ココア': ['小さじ2'], '水': ['大さじ1'], '牛乳': ['大さじ1'], '粉ゼラチン': ['2g'], '生クリーム': ['50g']}",,2,0,1,0,0,0,0,0,0,0,0,0,0,0,0,0,0,0,0,0,0,0,0,0,0,0,0,0,0,0,0,0,0,0,0,0,0,0,0,0,0,0,0,mechanic/geomet,1,0,0,0,0,0,0,0,0,0,0,0,0,0,0,0,0,0,0,0,0,0,0,0,0,0,0,0,0,0,0,0,0,0,0,0, 
0.011904762,0,0,0,0,0,0,0,0.3,0.45,0,0,0.238095238,['ゼラチン ムース'],材料4つ簡単マンゴーカルピスムース,5203911,0,カルピスを使った簡単ムースです 生クリーム・卵不使用。しっかり空気を含ませる事でふわふわな食感を楽しめます,"{'カルピス(マンゴー)': ['100cc'], 'プレーンヨーグルト': ['180cc'], '牛乳': ['120cc'], 'ゼラチン': ['5g(大さじ2の水でふやかしておく)']}",,3,0,1,0,1,0,0,0,0,0,0,0,0,0,0,0,0,0,0,0,0,0,0,0,0,0,0,0,0,0,0,0,0,0,0,0,0,0,0,0,0,0,0,mechanic/geomet,0,0,0,0,0,0,0,0,0,0,0,0,0,0,0,0,0,0,0,0,0,0,0,0,0,0,0,0,0,0,0,0,0,0,0,0, 
0.019588639,0,0,0,0.017629775,0,0,0.783545544,0.061704212,0,0,0,0.117531832,['ゼラチン ムース'],濃厚チョコたっぷりムース,5160638,0,チョコたっぷりの濃厚なムースです☆生クリームもたっぷりなのでふわふわ食感(^O^)美味しいです,"{'■': ['ガナッシュ'], 'チョコ': ['60g'], '砂糖': ['大さじ1'], '牛乳': ['30cc'], '生クリーム': ['400g'], 'ゼラチン': ['10g'], 'ブランデー': ['小さじ1']}",,3,0,1,0,0,0,0,0,0,0,0,0,0,0,0,0,0,0,0,0,0,0,0,0,0,0,0,0,0,0,0,0,0,0,0,0,0,0,0,0,0,0,0,mechanic/geomet,0,0,0,0,0,0,0,0,0,0,0,0,0,0,0,0,0,0,0,0,0,0,0,0,0,0,0,0,0,0,0,0,0,0,0,0, 
0.006329114,0,0,0,0.101265823,0,0,0.253164557,0.132911392,0,0.253164557,0,0.253164557,['ゼラチン ムース'],ラズベリーレアチーズムース,5104036,0,ふわふわのチーズムースにラズベリーソースがよく合います。,"{'クリームチーズ': ['200g'], '砂糖': ['80g'], '牛乳': ['100cc'], '生クリーム': ['200cc'], '粉ゼラチン': ['5g'], 'レモン汁': ['大さじ1'], '■': ['②ラズベリーソース'], '冷凍ラズベリー': ['200g']}",,1,0,1,0,0,0,0,0,0,0,0,0,0,0,0,0,0,0,0,0,0,0,0,0,0,0,0,0,0,0,0,0,0,0,0,0,0,0,0,0,0,0,0,mechanic/geomet,0,0,0,0,0,0,0,0,0,0,0,0,0,0,0,0,0,0,0,0,0,0,0,0,0,0,0,0,0,0,0,0,0,0,0,0, 
0.009541985,0,0,0,0.022900763,0,0,0,0.240458015,0,0,0,0.709923664,['ゼラチン ムース'],お豆腐のチョコムース&抹茶ムース♪,5098096,13,生クリームなしでも濃厚な生チョコムースです。,"{'■': ['～抹茶味～'], 'ブラックチョコ(板チョコ)又はスイート': ['2枚(100g)'], '絹豆腐': ['150g'], 'ココア': ['20g'], '牛乳': ['120cc'], '●ゼラチン用水': ['大さじ1半～2'], '●ゼラチン': ['3～5g'], '太白ごま油': ['大さじ1'], 'メープルシロップ又はてんさい糖': ['20g'], 'ラム酒': ['小さじ1'], 'ホワイトチョコ': ['2枚(90g)'], '太白ごま油又はサラダ油': ['大さじ1'], 'バニラエッセンス': ['少々'], 'ホワイトチョコ味の生地': ['全量'], '抹茶': ['12g(お好みで10～15g)']}",抹茶ホワイトチョコムースも美味しかったです♪お豆腐の生チョコムース、もっちり美味しいオレンジピールをトッピングしましたお豆腐の生チョコに苺のジュレをあわせました♪濃厚少し早めのひな祭りパーティーにこちら大好きで今回はタルト&いちごチョコ、いちごパウダーで少し遅れた実家の父、兄、弟へのバレンタインにおいし過ぎます★右は手作りチョコ！水色綺麗でしょ子供へのバレンタインに、自家製ブラウニー、ホワイトチョコ 添えでhikarinさんの方がプロ級ですんもぉ、何度食べても最高に美味しいです「バレンタイン・豆腐レシピコンテスト」があったら間違いなく優勝またまた本当にこれ好きお豆腐があると作りたくなるレシピ♪ホワイトチョコ＋抹茶で抹茶味も濃厚で美味しいです！あやちんさん追いで、ホワイトチョコとスキムミルクで作りました！ホワイトチョコ&スキムミルクVer.もすごく美味よ万能レシピ☆今日も作ったよディッシャーでお皿に☆これ本当に素晴らしいレシピこれ、めっっっっちゃ美味しい豆腐、太白ごま油使い凄過ぎる☆感激,2,0,0,0,0,1,0,0,0,0,0,0,0,0,0,0,0,0,0,0,0,0,0,0,0,0,0,0,0,0,0,0,0,0,0,0,0,0,0,0,0,0,0,mechanic/geomet,0,0,0,0,0,0,0,0,0,0,0,0,0,0,0,0,0,0,0,0,0,0,0,0,0,0,0,0,0,0,0,0,0,0,0,0, 抹茶 ホワイトチョコムース も 美味しかったです お豆腐 の 生チョコ ムース 、 もっちり 美味しい オレンジピール を トッピング しました お豆腐 の 生チョコ に 苺 の ジュレ を あわせ ました 濃厚 少し早め の ひな祭りパーティー に こちら 大好き で 今回は タルト いちご チョコ 、 いちご パウダー で 少し 遅れ た 実家 の 父 、 兄 、 弟 へ の バレンタイン においし過ぎ ます 右 は 手作り チョコ 水色 綺麗 でしょ 子供 へ の バレンタイン に 、 自家製 ブラウニー 、 ホワイトチョコ 添え で hikarinさん の 方 が プロ級 です ん もぉ 、 何度食べ て も 最高 に 美味しい です バレンタイン 豆腐 レシピ コンテスト が あったら間違いなく優勝またまた本当に これ 好き お豆腐 が ある と 作りたくなるレシピホワイトチョコ抹茶 で 抹茶 味 も 濃厚 で 美味しい です あやちんさん追い で 、 ホワイトチョコ と スキムミルク で 作りました ホワイトチョコスキムミルクVer も すごく 美味 よ 万能 レシピ 今日 も 作ったよディッシャー で お皿 に これ 本当に 素晴らしい レシピ これ 、 めっっっっちゃ 美味しい 豆腐 、 太白ごま油使い凄過ぎる感激 
0.007731959,0,0,0,0,0,0,0.257731959,0,0.257731959,0,0.038659794,0.43814433,['ゼラチン ムース'],ふんわりミックスベリーのムース,5084863,0,ベリーの酸味でさっぱり、でも軽い口当たりのムースに仕上げました。,"{'◎冷凍ミックスベリー': ['130g'], '◎グラニュー糖': ['40g'], '◎レモン汁': ['大さじ1'], 'ヨーグルト': ['100g'], '○ゼラチン': ['3g'], '○水': ['15g'], '生クリーム': ['100g']}",,2,0,1,0,0,0,0,1,0,0,0,0,0,0,0,0,0,0,0,0,0,0,0,0,0,0,0,0,0,0,0,0,0,0,0,0,0,0,0,0,0,0,0,mechanic/geomet,0,0,0,0,0,0,0,0,0,0,0,0,0,0,0,0,0,0,0,0,0,0,0,0,0,0,0,0,0,0,0,0,0,0,0,0, 
0.008576329,0,0,0,0.030874786,0,0,0.343053173,0.360205832,0,0,0,0.25728988,['ゼラチン ムース'],ふんわりカルピスムース,5055282,1,季節のフルーツソースを添えた、ふわふわ食感のカルピスムースです。ブレンダーを使って驚くほど簡単に作れます。,"{'カルピス(原液)': ['100cc'], '生クリーム': ['200cc'], '牛乳': ['200cc'], 'ゼラチンパウダー': ['5g'], 'お湯': ['大さじ2'], '■': ['フルーツソース'], 'お好きなフルーツ': ['50g程度'], '砂糖': ['大さじ2']}",カルピスの甘みとベリーの酸味がちょうど良かったです！,2,0,2,0,0,0,0,0,0,0,0,0,0,0,0,0,0,0,0,0,0,0,0,0,0,0,0,0,0,0,0,0,0,0,0,0,0,0,0,0,0,0,0,mechanic/geomet,0,0,0,0,0,0,0,0,0,0,0,0,0,0,0,0,0,0,0,0,0,0,0,0,0,0,0,0,0,0,0,0,0,0,0,0, カルピス の 甘み と ベリー の 酸味 が ちょうど良かった です 
0.018518519,0,0,0,0,0,0,0.37037037,0.388888889,0,0,0.111111111,0.111111111,['ゼラチン ムース'],いちご香る♪ふんわりイチゴムース,5060740,2,いちごを贅沢に使った濃厚スイーツ★　ふわふわした食感と豊かなイチゴの風味をお楽しみ下さい！,"{'いちご': ['1パック'], '粉ゼラチン': ['5g'], '牛乳': ['100cc'], '生クリーム': ['100cc'], '水': ['大さじ2'], 'グラニュー糖': ['30g'], 'カステラ': ['4切れ'], 'ラム酒': ['小さじ1'], 'レモン汁': ['小さじ1']}",手軽に出来て美味しかったです＼(^o^)／カステラの甘みと苺の爽やかさが最高に美味♪苺スイーツlove^^,3,0,2,0,0,0,0,0,0,0,0,0,0,0,0,0,0,0,0,0,0,0,0,0,0,0,0,0,0,0,0,0,0,0,0,0,0,0,0,0,0,0,0,mechanic/geomet,0,0,0,0,0,0,0,0,0,0,0,0,0,0,0,0,0,0,0,0,0,0,0,0,0,0,0,0,0,0,0,0,0,0,0,0, 手軽 に 出来 て 美味しかったです o カステラ の 甘み と 苺 の 爽やか さ が 最高 に 美味 苺 スイーツ love 
0.005649718,0,0,0,0,0,0,0.225988701,0,0.225988701,0,0,0.542372881,['ゼラチン ムース'],冷凍イチゴのヨーグルトムース,5042702,1,コンビニの冷凍イチゴを見かけて、ムースにしたらとても良い感じでした。季節関係無しで楽しめます。,"{'コンビニの冷凍イチゴ2パック': ['200グラム'], 'プレーンヨーグルト': ['200グラム'], '上白糖': ['120グラム'], 'クレームドカシス［カシス酒］': ['大さじ1'], 'レモン果汁': ['大さじ1'], '生クリーム': ['200ml'], 'ゼラチン': ['5グラム'], 'イチゴジャム': ['80グラム'], 'イチゴジャム［ソース用］': ['80グラム'], 'カシス酒［ソース用］': ['小さじ1'], 'レモン果汁［ソース用］': ['小さじ1']}",沢山できました！泡立てすぎてしまい、フワフワでしおいしかったです！チョコ載せてみました。,1,0,1,0,0,0,0,0,0,0,0,0,0,0,0,0,0,0,0,0,0,0,0,0,0,0,0,0,0,0,0,0,0,0,0,0,0,0,0,0,0,0,0,mechanic/geomet,0,0,0,0,0,0,0,0,0,0,0,0,0,0,0,0,0,0,0,0,0,0,0,0,0,0,0,0,0,0,0,0,0,0,0,0, 沢山 できました 泡立てすぎてしまい 、 フワフワ でし おいしかったです チョコ 載せてみました 。 
0.010460251,0,0,0,0.037656904,0,0,0.418410042,0.010460251,0.209205021,0,0,0.313807531,['ゼラチン ムース'],可愛いいちごのヨーグルトムース,5001336,9,爽やかなヨーグルトムースの上に甘酸っぱいいちごソースたっぷりのせました春の香りたっぷりなデザートです,"{'■': ['いちごソース'], '生クリーム': ['200ml'], 'プレーンヨーグルト': ['100g'], '砂糖': ['大さじ2'], 'コンデンスミルク': ['あれば小さじ1'], '粉ゼラチン': ['5g'], 'お湯': ['50ml'], 'いちご': ['100g(4～5粒程度)'], 'レモン汁': ['小さじ1']}","味も見た目も最高でした。素敵レシピありがとう(*'▽'*)♪簡単に出来て美味しい♪
見栄えも良いしリピ確定です(´∀`)家族から大好評でした苺とめっちゃあいます～サッパリウマウマですね簡単でとってもおいしかったです!!子供たちも喜んでくれました!!ムースを失敗してしまいましたが（笑）生クリーム消費助かりました☆今夜のデザートに。やっと作りました。食べるの楽しみです(^^)とても美味しいでした。新しいレシピが楽しみです。フルーツサンド材料余りで♪口どけ滑らかふんわり♪ソースも絶妙です",3,0,1,0,0,0,0,0,0,0,0,0,0,0,0,0,0,0,0,0,0,0,0,0,0,0,0,0,0,0,0,0,0,0,0,0,0,0,0,0,0,0,0,mechanic/geomet,1,0,0,0,0,0,0,0,1,0,0,0,0,0,0,0,0,0,0,0,0,0,0,0,0,0,0,0,0,0,0,0,0,0,0,0, 味 も 見た目 も 最高 でした 。 素敵レシピありがとう 簡単 に 出来 て 美味しい 見栄え も 良い し リピ確定 です 家族 から 大好評でした 苺 と めっちゃ あい ます サッパリウマウマ ですね 簡単 で とっても おいしかったです 子供たち も 喜んでくれました ムース を 失敗してしまいました が 笑 生クリーム 消費 助かりました 今夜 の デザート に 。 やっと 作りました 。 食べる の 楽しみ です とても 美味しい でした 。 新しい レシピ が 楽しみ です 。 フルーツ サンド 材料 余り で 口どけ 滑らか ふんわり ソース も 絶妙 です 
0.01453958,0,0,0,0,0,0,0.242326333,0,0,0,0.096930533,0.323101777,['ゼラチン ムース'],ふんわりなめらか大人の苺ムース,4931224,0,イチゴの季節に一度は作りたい甘酸っぱくて美味しいムースです。,"{'いちご': ['約100g'], 'グラニュー糖': ['100g'], '粉ゼラチン': ['大さじ1'], '白ワイン（あれば甘口）': ['大さじ4'], '生クリーム': ['200cc'], 'レモン汁・コアントロー': ['各大さじ1'], '（飾り用）生クリーム': ['150cc'], 'グラニュー糖、キルシュ': ['各大さじ1']}",,2,0,1,0,0,0,0,0,0,0,0,0,0,0,0,0,0,0,0,0,0,0,0,0,0,0,0,0,0,0,0,0,0,0,0,0,0,0,0,0,0,0,0,mechanic/geomet,1,0,0,0,0,0,0,0,0,0,0,0,0,0,0,0,0,0,0,0,0,0,0,0,0,0,0,0,0,0,0,0,0,0,0,0, 
0.099206349,0,0,0,0,0,0,0.198412698,0,0.396825397,0,0,0.297619048,['ゼラチン ムース'],ジャムで簡単にふわふわムース,4938971,0,市販のジャムを使って作る簡単なムースです。,"{'ジャム': ['150g'], '生クリーム': ['100g'], '無糖ヨーグルト': ['200g'], '板ゼラチン': ['4g'], 'ゼラチン用のお湯': ['50g'], '食用色素（今回は粉を使いました）': ['適量']}",,1,0,1,0,0,0,0,0,0,0,0,0,0,0,0,0,0,0,0,0,0,0,0,0,0,0,0,0,0,0,0,0,0,0,0,0,0,0,0,0,0,0,0,mechanic/geomet,0,0,0,0,0,0,0,0,0,0,0,0,0,0,0,0,0,0,0,0,0,0,0,0,0,0,0,0,0,0,0,0,0,0,0,0, 
0.012345679,0,0,0,0.049382716,0,0,0.24691358,0,0.37037037,0,0.074074074,0.24691358,['ゼラチン ムース'],苺ヨーグルトムース,4923126,1,苺とヨーグルトのふんわりムースです。,"{'ゼラチン': ['5g'], '水': ['30g'], '苺': ['100g程度'], 'ヨーグルト': ['苺と合わせて150g'], '生クリーム': ['100g'], '砂糖': ['20g']}",下に苺ソースを入れました。冷蔵庫で冷やします。おやつが楽しみです,1,0,1,0,0,0,0,0,0,0,0,0,0,0,0,0,0,0,0,0,0,0,0,0,0,0,0,0,0,0,0,0,0,0,0,0,0,0,0,0,0,0,0,mechanic/geomet,0,0,0,0,0,0,0,0,0,0,0,0,0,0,0,0,0,0,0,0,0,0,0,0,0,0,0,0,0,0,0,0,0,0,0,0, 下 に 苺 ソース を 入れ ました 。 冷蔵庫 で 冷やし ます 。 おやつ が 楽しみ です 
0.047619048,0,0,0,0.171428571,0,0,0,0.666666667,0,0,0,0,['ゼラチン ムース'],お餅入りモチモチふわふわ簡単ムース風,4881182,0,たくさんあるお餅を白玉風にしてみました。優しい味なのでお餅入りでもたくさん食べれちゃいます！,"{'お餅': ['1つ'], '苺': ['お好きな量'], '牛乳': ['200ml'], '粉ゼラチン': ['15ｇ'], '砂糖(苺)': ['大さじ4'], '砂糖(お餅)': ['大さじ2']}",,2,0,1,0,0,1,0,0,0,0,0,0,0,0,0,0,0,0,0,0,0,0,0,0,0,0,0,0,0,0,0,0,0,0,0,0,0,0,0,0,0,0,0,mechanic/geomet,0,0,0,0,0,0,0,0,0,0,0,0,0,0,0,0,0,0,0,0,0,0,0,0,0,0,0,0,0,0,0,0,0,0,0,0, 
0.012987013,0,0,0,0.025974026,0,0,0.519480519,0,0,0,0.12987013,0.311688312,['ゼラチン ムース'],おせちリメイクのもっちり黒豆ムース,4878807,0,ディ◯ダにも見える簡単！黒豆ムース！,"{'黒豆煮': ['約120g'], '生クリーム': ['200ml'], '砂糖': ['10g'], '粉ゼラチン': ['5g'], '水': ['50ml'], '飾り用 栗の甘露煮': ['4個'], '飾り用 黒豆煮': ['8個']}",,1,0,0,0,0,1,0,0,0,0,0,0,0,0,0,0,0,0,0,0,0,0,0,0,0,0,0,0,0,0,0,0,0,0,0,0,0,0,0,0,0,0,0,mechanic/geomet,0,0,0,0,0,0,0,0,0,0,0,0,0,0,0,0,0,0,0,0,0,0,0,0,0,0,0,0,0,0,0,0,0,0,0,0, 
0.009041591,0,0,0,0,0,0,0.361663653,0,0,0,0.452079566,0.162748644,['ゼラチン ムース'],ふわふわ苺のムース,4872844,0,水をあまり使わずに仕上げた泡たて器不要のふわふわ～なムースです＾＾,"{'生クリーム': ['２００ｃｃ'], '苺': ['５～６個'], '★グラニュー糖': ['４０ｇ'], '★粉ゼラチン': ['８ｇ'], '★水': ['５０ｃｃ'], '■': ['飾り'], 'ポッカレモン': ['１０ｃｃ'], '水': ['２００ｃｃ'], 'グラニュー糖': ['４０ｇ'], '粉ゼラチン': ['５ｇ'], 'ブルーベリー': ['１４個'], 'ミントの葉': ['７本'], 'アラザン（ピンク、シルバー）': ['適量']}",,1,0,2,0,0,0,0,0,0,0,0,0,0,0,0,0,0,0,0,0,0,0,0,0,0,0,0,0,0,0,0,0,0,0,0,0,0,0,0,0,0,0,0,mechanic/geomet,0,0,0,0,0,0,0,0,0,0,0,0,0,0,0,0,0,0,0,0,0,0,0,0,0,0,0,0,0,0,0,0,0,0,0,0, 
0.01384083,0,0,0,0,0,0,0.138408304,0.07266436,0,0,0.069204152,0.567474048,['ゼラチン ムース'],ミキサーで作るふわふわイチゴのムース,4838823,0,ミキサーで混ぜるだけ！生クリームを加えてふわふわで美味しいムースになります,"{'いちご': ['400g'], 'グラニュー糖': ['10g'], '牛乳': ['50cc'], 'レモン汁': ['大さじ1'], '粉ゼラチン': ['10g'], '水': ['50cc'], '生クリーム（ムース用）': ['100cc'], '生クリーム（飾り用）': ['100cc']}",,1,0,2,0,0,0,0,0,0,0,0,0,0,0,0,0,0,0,0,0,0,0,0,0,0,0,0,0,0,0,0,0,0,0,0,0,0,0,0,0,0,0,0,mechanic/geomet,0,0,0,0,0,0,0,0,0,0,0,0,0,0,0,0,0,0,0,0,0,0,0,0,0,0,0,0,0,0,0,0,0,0,0,0, 
0.098425197,0,0,0,0.035433071,0,0,0,0,0.656167979,0,0.104986877,0.104986877,['ゼラチン ムース'],アイスとジャムでふわふわヨーグルトムース,4842140,0,生クリームって常備しにくいけど、バニラアイスならいつもある！コクとふわふわな舌ざわりが手軽に実現。お口で溶ける～,"{'■': ['材料Ｂ'], 'プレーンヨーグルト': ['500g'], 'ブルーベリージャム': ['1/2びん（80gぐらい）'], 'ポッカレモン': ['小さじ2'], '砂糖(上白糖)': ['大さじ3'], 'バニラアイス': ['1個'], '粉ゼラチン': ['15袋（75gくらい）'], '水': ['80cc']}",,2,0,2,0,0,0,0,0,0,0,0,0,0,0,0,0,0,0,0,0,0,0,0,0,0,0,0,0,0,0,0,0,0,0,0,0,0,0,0,0,0,0,0,mechanic/geomet,0,0,0,0,0,0,0,0,0,0,0,0,0,0,0,0,0,0,0,0,0,0,0,0,0,0,0,0,0,0,0,0,0,0,0,0, 
0.014778325,0,0,0,0,0,0,0.246305419,0,0.246305419,0.246305419,0.073891626,0.147783251,['ゼラチン ムース'],フランボワーズとレアチーズのムース,4804630,2,フランボワーズ（ラズベリー）とレアチーズのムース。,"{'■': ['フランボワーズゼリー'], 'クリームチーズ': ['50g'], 'グラニュー糖': ['5g'], 'プレーンヨーグルト（無糖）': ['50g'], '◎粉ゼラチン': ['05g'], '◎水（ゼラチン用）': ['小さじ1'], '生クリーム': ['50g'], 'フランボワーズピューレ': ['25g'], 'レモン果汁': ['小さじ1/2'], '水': ['大さじ1']}",主人の誕生日に作りました～しっかりしたムースで、セルクルで作ればホールにも出来そうでした！,1,0,0,0,1,0,0,0,0,0,0,0,0,0,0,0,0,0,0,0,0,0,0,0,0,0,0,0,0,0,0,0,0,0,0,0,0,0,0,0,0,0,0,mechanic/geomet,0,0,0,0,0,0,0,0,0,0,0,0,0,0,0,0,0,0,0,0,0,0,0,0,0,0,0,0,0,0,0,0,0,0,0,0, 主人の誕生日に 作りました しっかり した ムース で 、 セルクル で 作れ ば ホール に も 出来 そう でした 
0.007092199,0,0,0,0.11820331,0,0,0.236406619,0.354609929,0,0,0,0.283687943,['ゼラチン ムース'],ほっこりかぼちゃムース（卵無し）,4739298,6,ハロウィンにも♪ほくほくほっくり美味しいカボチャをたっぷり使った卵不使用ムースです。,"{'かぼちゃ（冷凍品を使用）': ['正味120g'], '砂糖': ['50g'], '牛乳': ['150g'], '板ゼラチン（パウダーでも可）': ['2枚（3g）'], '生クリーム（Whipping cream)': ['100g'], 'バニラエッセンス': ['少々']}","ほっこり濃厚かぼちゃムースができました
冷凍かぼちゃで楽々でしたハロウィンに作りました。当たりの南瓜だったようで色も濃ゆい(^w^)シュワっとふんわり♪美味しい！濃厚美味！此方のレシピ大好きです～また作ります！滑らかでとっても美味しかったですキラキラ飾りました感謝ですすんごーーーく美味！簡単で美味しくて言うことなしだったよー",4,0,1,0,0,0,0,0,0,0,0,0,0,0,0,0,0,2,0,0,0,0,0,0,0,0,0,0,0,0,0,0,0,0,0,0,0,0,0,0,0,0,0,mechanic/geomet,1,0,0,0,0,0,0,0,0,0,0,0,0,0,0,0,0,0,0,0,0,0,0,0,0,0,0,0,0,0,0,0,0,0,0,0, ほっこり 濃厚 かぼちゃ ムース が できました 冷凍 かぼちゃ で 楽々 でした ハロウィン に 作りました 。 当たり の 南瓜 だった よう で 色 も 濃ゆいwシュワっとふんわり 美味しい 濃厚 美味 此方 の レシピ 大好き です また作ります 滑らか で とっても美味しかったです キラキラ 飾り ました 感謝 で すすんごーーーく 美味 簡単 で 美味しくて 言うことなしだったよー 
0.066666667,0,0,0,0,0,0,0,0,0.41025641,0,0,0.512820513,['ゼラチン ムース'],ハチミツレモンのふわふわヨーグルトムース,4692973,0,季節が変わる頃登場する、期間限定のメロンやレモンのカルピスを使って簡単に作れるムース♪滑らかな口当たりと優しい味です,"{'希釈タイプのカルピス シチリア産レモンはちみつ仕立て': ['80cc(常温)'], 'お好みのヨーグルト(無糖)': ['200g'], 'お好みのクリーム': ['170cc'], 'はちみつ': ['大さじ1弱'], '森永クックゼラチン': ['5g'], 'お湯（森永クックゼラチンの表記参照)': ['50cc']}",,2,0,1,0,0,0,0,0,0,0,0,0,0,0,0,0,0,0,0,0,0,0,0,0,0,0,0,0,0,0,0,0,0,0,0,0,0,0,0,0,0,0,0,mechanic/geomet,1,0,0,0,0,0,0,0,0,0,0,0,0,0,0,0,0,0,0,0,0,0,0,0,0,0,0,0,0,0,0,0,0,0,0,0, 
0.011709602,0,0,0,0.06323185,0,0,0,0,0.702576112,0,0.105386417,0.117096019,['ゼラチン ムース'],爽やかカルピス味♪ヨーグルトベリームース,4656020,0,思い立ったらすぐできる！混ぜるだけ簡単デザートです♪ふるふる食感にヨーグルト＋カルピスで爽やか風味。夏にぴったりです,"{'プレーンヨーグルト': ['300g'], 'カルピス(原液)': ['50cc'], '砂糖(蜂蜜でも◎)': ['大さじ3'], '水': ['大さじ3'], 'ゼラチン': ['5g'], '冷凍ブルーベリー(好きな果物で♪)': ['適量']}",,2,0,0,1,0,0,0,0,0,0,0,0,0,0,0,0,0,0,0,0,0,0,0,0,0,0,0,0,0,0,0,0,0,0,0,0,0,0,0,0,0,0,0,mechanic/geomet,0,0,0,0,0,0,0,0,0,0,0,0,0,0,0,0,0,0,0,0,0,0,0,0,0,0,0,0,0,0,0,0,0,0,0,0, 
0.032846715,0,0,0,0,0,0,0.018248175,0.383211679,0,0,0,0.191605839,['ゼラチン ムース'],ストロベリーチョコレートオレオのムース,4650690,4,ストロベリーチョコで作るミルキーでふわふわ甘～いイチゴの香りのオレオ入りムースですミルメークいちご味も入れてます＾＾,"{'ストロベリーチョコ': ['６０ｇ'], '★牛乳': ['２００ｃｃ'], '★ミルメーク（いちご味）': ['１５ｇ（５ｇ入り３袋）'], '★上白糖': ['３０ｇ'], '★ラム酒かお好みの洋酒（あれば）': ['小さじ１杯'], 'ゼラチン': ['５ｇ'], 'ゼラチンをふやかす水': ['大さじ２杯'], '生クリーム': ['２００ｃｃ'], '上白糖（生クリーム用）': ['１０ｇ'], 'バニラオイル（ストロベリーエッセンスでも）': ['数滴'], 'オレオ': ['５～１０枚ほど'], '純ココアパウダー（トッピングに）': ['適量']}","カプリコのあたまトッピング♪オレオムースシリーズ美味しいこちらは苺ジュレをのせて
(｡-∀-)素敵レシピアップ感謝 やっと作れました (*ﾉ´∀`*)ﾉ
苺オレオヤバいわ超美味
またまたつくりました。めっちゃおいしー(*^^*)",2,0,1,0,0,0,0,0,0,0,0,0,0,0,0,0,0,0,0,0,0,0,0,0,0,0,0,0,0,0,0,0,0,0,0,0,0,0,0,0,0,0,0,mechanic/geomet,0,0,0,0,0,0,1,0,0,0,0,0,0,0,0,0,0,0,0,0,0,0,0,0,0,0,0,0,0,0,0,0,0,0,0,0, カプリコ の あたまトッピングオレオムースシリーズ 美味しい こちら は 苺 ジュレ をのせ て 素敵レシピ アップ 感謝 やっと作れ ました 苺 オレオヤバいわ超 美味 またまた つくりました 。 めっちゃ おいしー 
0.015384615,0,0,0,0.123076923,0,0,0.615384615,0,0.092307692,0,0,0.153846154,['ゼラチン ムース'],口どけふんわりプラムのムース,4649747,0,高級プラム《貴陽》を贅沢に使ったムースです酸味と甘味のバランスがいいサッパリ味♪完熟プラムで、ぜひお試しあれ,"{'プラム《貴陽》': ['3個'], 'レモン汁': ['小さじ1/2'], '湯': ['50cc'], '森永クックゼラチン': ['1袋(5g)'], '生クリーム(乳脂肪分45%)': ['200cc'], '砂糖': ['40g'], '※ヨーグルト': ['適宜(小さじ6)'], '※ミントの葉': ['適宜(6枚)']}",,2,0,1,0,0,0,0,0,0,0,0,0,0,0,0,0,0,0,0,0,0,0,0,0,0,0,0,0,0,0,0,0,0,0,0,0,0,0,0,0,0,0,0,mechanic/geomet,0,0,0,0,0,0,0,0,1,0,0,0,0,0,0,0,0,0,0,0,0,0,0,0,0,0,0,0,0,0,0,0,0,0,0,0, 
0.052325581,0,0,0,0,0.058139535,0,0.19379845,0,0.484496124,0,0,0.19379845,['ゼラチン ムース'],食べ過ぎ注意、ジャム入りヨーグルトムース,4580253,0,口の中でスーッと溶けてしまうライトなムース。美味しいからって食べ過ぎないように注意して下さいね～,"{'粉ゼラチン': ['大さじ1'], '粉ゼラチン用の水': ['大さじ3'], '好みのジャム': ['100グラム'], 'プレーンヨーグルト': ['250グラム'], '生クリーム': ['100cc'], '卵白': ['1個分']}",,1,0,0,0,0,0,0,0,0,0,0,0,0,0,0,0,0,0,0,0,0,0,0,0,1,0,0,0,0,0,0,0,0,0,0,0,0,0,0,0,0,0,0,mechanic/geomet,0,0,0,0,0,0,0,0,0,0,0,0,0,0,0,0,0,0,0,0,0,0,0,0,0,0,0,0,0,0,0,0,0,0,0,0, 
0.010204082,0,0,0,0,0.06122449,0,0.204081633,0,0.510204082,0,0.051020408,0.163265306,['ゼラチン ムース'],ヨーグルトムース,4529160,3,ふわふわ食感の、まろやかなヨーグルトムース。軽い食感と、爽やかな甘さで、暑い季節にぴったりなスイーツが出来ました。,"{'ヨーグルト': ['250g'], 'はちみつ': ['40g'], 'グラニュー糖': ['10g'], '粉ゼラチン': ['5g'], '水': ['25g'], '生クリーム': ['100g'], '卵白': ['1個分(約35g)'], 'グラニュー糖(メレンゲ用)': ['30g']}",ふわっふわで美味！リピ決定!( *´艸｀)ミックスベリーのせました。本当にふわっふわで美味しかったです！爽やかな味で、ご飯後のデザートに最適！手土産にもでき、感謝です！,3,0,3,0,0,0,0,1,0,0,0,0,0,0,0,0,0,0,0,0,0,0,0,0,0,0,0,0,0,0,0,0,0,0,0,0,0,0,0,0,0,0,0,mechanic/geomet,0,0,0,0,0,0,0,0,0,0,0,0,0,0,0,0,0,0,0,0,0,0,0,0,0,0,0,0,0,0,0,0,0,0,0,0, ふわっふわ で 美味 リピ決定 艸 ミックスベリー のせ ました 。 本当に ふわっふわ で 美味しかったです 爽やかな 味 で 、 ご飯後 の デザート に 最適 手土産 に も でき 、 感謝 です 
0.010526316,0,0,0,0.063157895,0.063157895,0,0.210526316,0.442105263,0,0,0,0.210526316,['ゼラチン ムース'],ふわとろ～食感カルピスムース,4549558,2,甘酸っぱいカルピスのふわふわムースお口の中でとろけます,"{'カルピス(原液)': ['１００ｃｃ'], '生クリーム': ['１００ｃｃ'], '牛乳': ['２００ｃｃ'], '砂糖': ['３０ｇ'], '卵白': ['１個'], 'ゼラチン': ['５ｇ'], '湯(６０度以下）': ['大匙３'], 'キウイ': ['２個'], 'いちご（あれば）': ['１０粒']}",リピです！！縁が汚れてますが、瓶に入れました。美味しいです牛乳たっぷりなのでカルピス苦手な母も食べれました！レシピに感謝,2,0,1,0,0,0,0,0,0,0,0,0,0,0,0,0,0,0,0,0,0,0,0,0,0,0,0,0,0,0,0,0,0,0,0,0,0,0,0,0,0,0,0,mechanic/geomet,0,0,0,0,0,0,0,0,0,0,0,0,0,0,0,0,0,0,0,0,0,0,0,0,0,0,0,0,0,0,0,0,0,0,0,0, リピ です 縁 が 汚れ て ます が 、 瓶 に 入れ ました 。 美味しい です 牛乳 たっぷり なので カルピス 苦手な 母 も 食べれ ました レシピ に 感謝 
0.010309278,0,0,0,0.082474227,0,0,0.103092784,0,0.618556701,0,0.06185567,0.12371134,['ゼラチン ムース'],超かんたん　ヨーグルトムース,4507214,4,毎日食べるヨーグルトがちょっとの手間でオシャレなデザートに!,"{'無糖ヨーグルト': ['300g'], '砂糖': ['40g'], 'お好きなジャム': ['60g'], 'ゼラチン': ['5g'], '水': ['大さじ2'], '(生クリーム)': ['50g']}","ホイッパーで手動で混ぜましたがフワフワ！
味もバッチリ！
いちごを混ぜて、残りを散らしました。簡単ですね！フープロで作ってもムース状に！濃厚で家族にも好評。感謝ですふんわりだけど濃厚なお味で家族にも好評でした♪",2,0,2,0,0,0,0,0,0,0,0,0,0,0,0,0,0,0,0,0,0,0,0,0,0,0,0,0,0,0,0,0,0,0,0,0,0,0,0,0,0,0,0,mechanic/geomet,0,0,0,0,0,0,0,0,0,0,0,0,0,0,0,0,0,0,0,0,0,0,0,0,0,0,0,0,0,0,0,0,0,0,0,0, ホイッパー で 手動 で 混ぜ ました が フワフワ 味 も バッチリ いちご を 混ぜ て 、 残り を 散らし ました 。 簡単 ですね フープロ で 作って も ムース 状 に 濃厚 で 家族 に も 好評 。 感謝 です ふんわり だけど 濃厚 な お味 で 家族 に も 好評でした 
0.012711864,0,0,0,0,0,0,0.127118644,0,0,0,0.423728814,0.436440678,['ゼラチン ムース'],ふんわり白身魚ムース～温玉添え～,4499141,0,卵白消費レシピ！温玉と合わさり、濃厚クリーミー！,"{'温玉': ['１個分'], 'はんぺん': ['５０ｇ'], '白身魚': ['５０ｇ'], 'おろし生姜': ['ひとつまみ'], '生クリーム': ['３０ｍｌ'], '■': ['ジュレ'], 'コンソメ顆粒': ['３ｇ'], 'ゼラチンパウダー': ['３ｇ'], '梅干し': ['１個'], '水': ['１００ｍｌ']}",,3,0,1,0,0,0,0,0,0,0,0,0,0,0,0,0,0,0,0,0,0,0,0,0,0,0,0,0,0,0,0,0,0,0,0,0,0,0,0,0,0,0,0,mechanic/geomet,0,0,0,0,1,0,0,0,0,0,0,0,0,0,0,0,0,0,0,0,0,0,0,0,0,0,0,0,0,0,0,0,0,0,0,0, 
0.018587361,0,0,0,0.033457249,0,0,0.371747212,0.390334572,0,0,0,0.185873606,['ゼラチン ムース'],バナナと小松菜のふわふわお野菜ムース,4477537,1,小松菜の鮮やかな緑色が綺麗なムースバナナの甘味が優しくお野菜嫌いの子供さんもパクパク食べてくれるデザートです,"{'小松菜': ['1株'], 'バナナ': ['1本'], '砂糖': ['大さじ1～(バナナの甘さをみて調整)'], '粉ゼラチン': ['5g'], 'お湯': ['50g'], '牛乳': ['100ml'], '生クリーム': ['100ml']}",2時児初ムース。もっといっぱいと欲張っていました。,1,0,1,0,0,0,0,0,0,0,0,0,0,0,0,0,0,0,0,0,0,0,0,0,0,0,0,0,0,0,0,0,0,0,0,0,0,0,0,0,0,0,0,mechanic/geomet,0,0,0,0,0,0,0,0,0,0,0,0,0,0,0,0,0,0,0,0,0,0,0,0,0,0,0,0,0,0,0,0,0,0,0,0, 時児 初 ムース 。 もっと いっぱい と 欲張っ てい ました 。 
0.019851117,0,0,0,0.186104218,0,0,0.496277916,0,0,0,0.148883375,0.148883375,['ゼラチン ムース'],簡単☆さっぱりレモンムース,4449179,3,ふんわり☆さっぱり 簡単にできるレモンムースです!!ふんわり食感がやみつきになりますよぜひ一度作ってみてください♪,"{'レモン汁(果汁)': ['60ml'], '生クリーム': ['200g'], '砂糖': ['75g'], 'はちみつ': ['大さじ1'], '水': ['大さじ4'], 'ゼラチン': ['8g']}",さっぱりしてて美味しかったです(о´∀`о)メロンソーダゼリーと合わせてさっぱりしてて美味！さっぱりしてて、美味しかったです♪今の季節にピッタリ!,2,0,2,0,0,0,0,0,0,0,0,0,0,0,0,0,0,0,0,0,0,0,0,0,0,0,0,0,0,0,0,0,0,0,0,0,0,0,0,0,0,0,0,mechanic/geomet,0,0,0,0,0,0,0,0,0,0,0,0,0,0,0,0,0,0,0,0,0,0,0,0,0,0,0,0,0,0,0,0,0,0,0,0, さっぱりして て 美味しかったです メロンソーダゼリー と 合わせ て さっぱりして て 美味 さっぱりして て 、 美味しかったです 今 の 季節 に ピッタリ 
0.025,0,0,0,0,0,0,0.125,0.0375,0.375,0,0.0375,0.15,['ゼラチン ムース'],ふわっ♪ヨーグルトみるくムース,4429336,1,ゼラチンで冷やし固めましたが、ふわっと、ムースのようですチョコ味の生クリームを絞り、バナナを添えました。,"{'■': ['生チョコクリーム'], '生クリーム': ['100cc'], '板チョコ(ホワイト)': ['1枚(40g)'], '●プレーンヨーグルト': ['150g'], '●練乳': ['大さじ1'], '○ゼラチン': ['1/2袋(25g)'], '○水': ['大さじ1'], '◎生クリーム': ['50cc'], '◎チョコレート(スイート)': ['20g']}",ヨーグルトが足りない分 牛乳を足しましたが ふんわりホワイトチョコ入で美味しかったです。サイダー味の紫陽花ゼリーを乗せました。,1,0,4,0,0,0,0,0,0,0,0,0,0,0,0,0,0,0,0,0,0,0,0,0,0,0,0,0,0,0,0,0,0,0,0,0,0,0,0,0,0,0,0,mechanic/geomet,0,0,0,0,0,0,0,0,0,0,0,0,0,0,0,0,0,0,0,0,0,0,0,0,0,0,0,0,0,0,0,0,0,0,0,0, ヨーグルト が 足りない分 牛乳 を 足し ました が ふんわり ホワイトチョコ 入 で 美味しかったです 。 サイダー 味 の 紫陽花 ゼリー を乗せ ました 。 
0.013157895,0,0,0,0.118421053,0,0,0.263157895,0,0.263157895,0,0.078947368,0.263157895,['ゼラチン ムース'],いちごのムース,4392817,1,旬のイチゴをたっぷり使ったデザート。,"{'いちご': ['100g'], 'プレーンヨーグルト': ['100g'], '生クリーム': ['100cc'], '砂糖': ['45g'], 'レモン汁': ['小さじ2'], 'ゼラチン': ['3～5g'], '水': ['大さじ2']}",春休み娘が作りましたぁ～ いちごの味がしっかりしてなめらか美味！,2,0,0,0,1,0,0,0,0,0,0,0,0,0,0,0,0,0,0,0,0,0,0,0,0,0,0,0,0,0,0,0,0,0,0,0,0,0,0,0,0,0,0,mechanic/geomet,1,0,0,0,0,0,0,0,0,0,0,0,0,0,0,0,0,0,0,0,0,0,0,0,0,0,0,0,0,0,0,0,0,0,0,0, 春休み 娘 が 作りました ぁいちごの 味 が しっかり して なめらか 美味 
0.009126467,0,0,0,0.065189048,0,0,0.260756193,0.273794003,0,0,0,0.391134289,['ゼラチン ムース'],WECKで　苺のムース,4327015,1,混ぜて冷やすだけで作れる、ふんわり苺ムースです。スライスした苺で見た目もオシャレに春らしく。火も使わないので簡単です。,"{'苺': ['300g'], '生クリーム': ['200cc'], '牛乳': ['200cc'], '砂糖': ['50g'], 'ゼラチンパウダー': ['7g']}",参考にさせて頂きました☆とっても美味しくて家族からも好評でした！,1,0,1,0,0,0,0,0,0,0,0,0,0,0,0,0,0,0,0,0,0,0,0,0,0,0,0,0,0,0,0,0,0,0,0,0,0,0,0,0,0,0,0,mechanic/geomet,0,0,0,0,0,0,0,0,0,0,0,0,0,0,0,0,0,0,0,0,0,0,0,0,0,0,0,0,0,0,0,0,0,0,0,0, 参考 に させて頂きました とっても 美味しくて 家族 から も 好評でした 
0.010976948,0,0,0,0.006586169,0,0,0,0.345773875,0,0,0,0.636663008,['ゼラチン ムース'],葱のふんわり豆腐と豆乳のムース,4301490,0,とても口当たりが良く、栄養も満点！お出汁の風味と葱の香りが良く優しい一品,"{'葱(青い部分も含め)': ['60㌘'], '絹ごし豆腐': ['150㌘'], '豆乳': ['150cc'], 'ホタテ顆粒だし': ['小さじ1'], '白だし': ['小さじ1/2'], 'お湯': ['80cc'], 'ゼラチン': ['5㌘'], 'レッドペッパー': ['適量'], '◎葱(白い部分)': ['3㎝幅 1片'], '◎お酢': ['小さじ1'], '◎オリーブオイル': ['小さじ1'], '◎砂糖': ['小さじ1/2']}",,1,0,1,0,0,0,0,0,0,0,0,0,0,0,0,0,0,0,0,0,0,0,0,0,0,0,0,0,0,0,0,0,0,0,0,0,0,0,0,0,0,0,0,mechanic/geomet,0,0,0,0,0,0,0,0,0,0,0,0,0,0,0,0,0,0,0,0,0,0,0,0,0,0,0,0,0,0,0,0,0,0,0,0, 
0.003903201,0,0,0,0.119437939,0.023419204,0.015612802,0.078064012,0.011709602,0,0,0,0.6245121,['ゼラチン ムース'],スキムミルクでキウイのムース,4289762,0,キウイのピューレで、牛乳ではなく、スキムミルクを使ったムース。ふんわり感がちょうど良いムースです。,"{'■': ['上掛け'], 'キウイフルーツ（皮をむいて）': ['４００ｇ'], '砂糖': ['１５０ｇ'], 'キルシュワッサー': ['大さじ２'], '●水': ['１００'], '●スキムミルク': ['大さじ１'], '●卵黄': ['１個分'], '●砂糖': ['小さじ１'], '△板ゼラチン': ['８ｇ'], '★上記キウイピューレ': ['２００ｇ'], '※生クリーム(砂糖）': ['１００ｇ（小さじ１）'], '○卵白（砂糖）': ['１個（小さじ２分の１）'], '上記キウイピューレ': ['２００ｇ'], '板ゼラチン': ['５ｇ']}",,1,0,1,0,0,0,0,0,0,0,0,0,0,0,0,0,0,0,0,0,0,0,0,0,0,0,0,0,0,0,0,0,0,0,0,0,0,0,0,0,0,0,0,mechanic/geomet,0,0,0,0,0,0,0,0,0,0,0,0,0,0,0,0,0,0,0,0,0,0,0,0,0,0,0,0,0,0,0,0,0,0,0,0, 
0.013550136,0,0,0,0.024390244,0,0,0,0.284552846,0.54200542,0,0,0.135501355,['ゼラチン ムース'],簡単！ヘルシーヨーグルトと豆乳のムース,4182249,7,ヨーグルトと豆乳のぷるぷるムース風デザートです！ほんのり甘酸っぱくてさっぱり美味しい！ダイエット中、妊娠中のおやつにも♪,"{'★ヨーグルト': ['200g'], '★豆乳': ['100cc'], '★砂糖': ['大1'], '★レモン汁': ['小1'], 'お湯': ['50cc'], 'ゼラチン': ['5g']}",空気が入ってしまいましたが、美味しかったです！簡単にできて美味しいです！豆乳の消化にも助かりました。簡単でおいしかったです( ´∞` )またリピします！！とても簡単で美味しいです。マシュマロ乗っけても良かったですプルプルで美味しかったです★ホットレモンのもとで簡単に！とっても美味しかったです(*^▽^*すごく美味しかったです！何回もリピして子どもと一緒に頂いてます☆,1,2,0,0,0,0,0,0,0,0,0,0,0,0,0,0,0,0,0,0,0,0,0,0,0,0,0,0,0,0,0,0,0,0,0,0,0,0,0,0,0,0,0,mechanic/geomet,0,0,0,0,0,0,0,0,0,0,0,0,0,0,0,0,0,0,0,0,0,0,0,0,0,0,0,0,0,0,0,0,0,0,0,0, 空気 が 入ってしまいました が 、 美味しかったです 簡単 に でき て 美味しい です 豆乳 の 消化 に も 助かりました 。 簡単 で おいしかったです またリピします とても 簡単 で 美味しい です 。 マシュマロ乗っけ て も 良かった です プルプル で 美味しかったです ホットレモン の もと で 簡単 にとっても 美味しかったです すごく 美味しかったです 何回 も リピし て 子どもと一緒 に 頂い て ます 
0.008849558,0,0,0,0.084955752,0,0,0.17699115,0.088495575,0,0,0,0.375221239,['ゼラチン ムース'],ハロウィンにも☆簡単ふわとろ南瓜のムース,4150938,4,子供も大好き＾＾簡単に作れるふんわり南瓜ムースです。普段のおやつにも＾＾,"{'■': ['トッピング用生クリーム'], '南瓜ペースト（市販の物や、加熱後裏ごしした物）': ['200g'], '砂糖（南瓜の甘さで加減）': ['45～48g（①30～33g（あればきび砂糖）+②15g）'], '牛乳': ['50g'], '生クリーム（乳脂肪分35％）': ['150g'], 'バニラエッセンス': ['少々'], '粉ゼラチン': ['5g強（55g）'], '生クリーム（乳脂肪分42％）': ['100g'], 'グラニュー糖': ['12g']}",リピです♪家族にも大人気なスイーツでとにかく美味しすぎです生クリームが食べれない為メープルで頂きました♪美味しかったです♪かぼちゃの優しい味で美味しかったです♪すっっごく美味しかったです旦那も感激！手間かけても作る価値有♪,1,0,1,0,0,0,0,0,0,0,0,0,0,0,0,0,0,0,0,0,0,0,0,0,0,0,0,0,0,0,0,0,0,0,0,0,0,0,0,0,0,0,0,mechanic/geomet,0,0,0,0,0,0,0,0,0,0,0,0,0,0,0,0,0,0,0,0,0,0,0,0,0,0,0,0,0,0,0,0,0,0,0,0, リピ です 家族 に も 大人気 な スイーツ で とにかく 美味しすぎ です 生クリーム が 食べれ ない 為 メープル で 頂きました 美味しかったです かぼちゃ の 優しい味 で 美味しかったです すっっごく 美味しかったです 旦那 も 感激 手間 かけ て も 作る価値有 
0.015296367,0,0,0,0.095602294,0.057361377,0,0,0,0.669216061,0,0.057361377,0.105162524,['ゼラチン ムース'],好きなジャムでヨーグルトムース,4082976,0,生クリームなしでふわふわのムースができますよ。お好みのジャムを使って色々なお味を楽しんでみね,"{'ヨーグルト(無糖)': ['３５０ｇ'], '粉ゼラチン': ['８ｇ'], '水': ['大匙2'], 'レモン汁': ['大匙1'], '蜂蜜': ['２５ｇ'], 'ジャム': ['３０ｇ'], '■': ['イタリアンメレンゲ'], '卵白': ['1個分'], '砂糖': ['５０ｇ']}",,1,0,1,0,0,0,0,0,0,0,0,0,0,0,0,0,0,0,0,0,0,0,0,0,0,0,0,0,0,0,0,0,0,0,0,0,0,0,0,0,0,0,0,mechanic/geomet,0,0,0,0,0,0,0,0,0,0,0,0,0,0,0,0,0,0,0,0,0,0,0,0,0,0,0,0,0,0,0,0,0,0,0,0, 
0.010989011,0,0,0,0.10989011,0,0,0.21978022,0,0.549450549,0,0,0.10989011,['ゼラチン ムース'],つぶつぶみかんヨーグルトムース,4069034,1,つぶつぶみかんが入ったふわふわヨーグルトのムースです( ´ ▽ ` 人）是非一度試してみて(*^^*),"{'ヨーグルト': ['500g'], '生クリーム': ['200cc'], '砂糖': ['80～100g'], 'ゼラチン': ['10g'], 'みかん缶汁': ['100cc'], 'みかん缶': ['1缶'], 'レモン汁': ['小さじ1/2']}","みかんのつぶつぶがおいしかったです！
",1,0,1,0,0,0,0,0,0,0,0,0,0,0,0,0,0,0,0,0,0,0,0,0,0,0,0,0,0,0,0,0,0,0,0,0,0,0,0,0,0,0,0,mechanic/geomet,0,0,0,0,0,0,0,0,0,0,0,0,0,0,0,0,0,0,0,0,0,0,0,0,0,0,0,0,0,0,0,0,0,0,0,0, みかん の つぶつぶ が おいしかったです 
0.019975031,0,0,0,0.024968789,0,0,0.124843945,0.131086142,0,0,0.149812734,0.124843945,['ゼラチン ムース'],ハロウィン蜘蛛の巣おばけかぼちゃムース,3920212,19,話題入り感謝＆ｸｯｸﾊﾟｯﾄﾞﾏｶﾞｼﾞﾝNo.8/ﾊﾛｳｨﾝｽｲｰﾂ掲載かぼちゃﾑｰｽにﾏｼｮﾏﾛおばけが魅力的♪,"{'■': ['デコレーションの材料'], 'かぼちゃ': ['1/4個分(300g)'], '砂糖': ['10g'], '牛乳': ['50ml'], '★生クリーム': ['150ml'], '★砂糖(生クリーム用)': ['20g'], 'ゼラチン': ['8g'], '水': ['大さじ４'], 'ラム酒(お好みで)': ['大さじ1'], 'オレオクッキー': ['40g'], 'マショマロ(半円型/円型)': ['6個'], 'デコペン(チョコレート)': ['1本(10g)'], '生クリーム': ['50ml'], 'アラザン(お好みで)': ['適量']}","すぐ出来てフワフワなめらか☆みんなで美味しくいただきました☆すごく濃厚で美味しかった！ハロウィンに。素敵レシピ感謝^^*友人の誕生日ケーキに、1人分サイズで！ふわふわ甘々☆オレオはサクサク☆素敵なレシピに感謝です(^^)タルト生地に乗せました！美味しかったです長女の誕生日☆中にムースを使わせて頂きました♪美味～！ありがとうお友達のお誕生日に、娘と作りました。とても喜んでもらえましたムースがふわっと甘過ぎず、オレオの塩気が合いますね(^^簡単なのでまた作ります。美味しいと好評でした！ふわっとして美味しかったです(^○^)是非リピしたいです！飾りやボトム無しですがとっても美味しかったです簡単でとっても美味しい(*´ω｀*)薩摩芋でも挑戦してみます♪ハロウィン過ぎましたが、かぼちゃスイーツ楽しく作れました♪マシュマロなかったので上はクッキーに♪ムースふわふわで好評でしたトッピングはしてないけれど…とっても美味でしたリピしたいです！蜘蛛の巣、難しかったですが頑張りました！息子も喜んで食べましたチョコムースと２段で
カボチャムースが濃厚で美味しかったですかぼちゃムースがとっても美味しかったです！マシュマロはクッキーで代用。子供も大人にも好評でした☆",3,0,7,0,0,0,0,0,0,0,0,0,0,0,0,0,0,0,0,0,0,0,0,0,0,0,0,0,0,0,0,0,0,0,0,0,0,0,0,0,0,0,0,mechanic/geomet,1,0,0,0,0,0,0,0,0,0,0,0,0,0,0,0,0,0,0,0,0,0,0,0,0,0,0,0,0,0,0,0,0,0,0,0, すぐ 出来 て フワフワ なめらか みんな で 美味しくいただきました すごく 濃厚 で 美味しかった ハロウィン に 。 素敵レシピ感謝 友人 の誕生日ケーキ に 、 人分サイズ で ふわふわ 甘々 オレオ は サクサク 素敵なレシピ に 感謝 です タルト生地 に 乗せ ました 美味しかったです 長女 の誕生日 中 に ムース を 使わせて頂き ました 美味 ありがとう お友達 の お誕生日 に 、 娘 と 作りました 。 とても 喜んでもらえました ムース が ふわっと 甘過ぎず 、 オレオ の 塩気 が 合いますね 簡単 なので また作ります 。 美味しい と 好評でした ふわっと して 美味しかったです 是非リピしたい です 飾り や ボトム 無し です が とっても美味しかったです 簡単 で とっても 美味しい 薩摩芋 で も 挑戦してみますハロウィン過ぎ ました が 、 かぼちゃ スイーツ 楽しく作れ ました マシュマロ なかったので 上 は クッキー に ムース ふわふわ で 好評でした トッピング は して ないけれど とっても 美味でした リピしたい です 蜘蛛 の 巣 、 難しかった です が 頑張り ました 息子 も 喜んで食べ ました チョコムース と 段 で カボチャ ムース が 濃厚 で 美味しかったです かぼちゃ ムース が とっても美味しかったです マシュマロ は クッキー で 代用 。 子供 も 大人 に も 好評でした 
0.015384615,0,0,0,0.076923077,0,0,0.307692308,0,0,0,0.384615385,0.215384615,['ゼラチン ムース'],ふわふわグァバのムース,4031371,0,口あたりをよくしたくて、生クリームを使い濃厚感もプラスしてみました。,"{'グァバ': ['約15㎏(約20個)'], '■': ['               正味、280g(500cc)なりました'], '水': ['300cc'], '砂糖': ['100g'], '☆ゼラチン': ['20g'], '☆水': ['200cc'], '生クリーム': ['400cc']}",,3,0,1,0,0,0,0,0,0,0,0,0,0,0,0,0,0,0,0,0,0,0,0,0,0,0,0,0,0,0,0,0,0,0,0,0,0,0,0,0,0,0,0,mechanic/geomet,0,0,0,0,0,0,0,0,0,0,0,0,0,0,1,0,0,0,0,0,0,0,0,0,0,0,0,0,0,0,0,0,0,0,0,0, 
0.004531722,0,0,0,0.013595166,0,0,0.302114804,0,0.377643505,0,0.151057402,0.151057402,['ゼラチン ムース'],★簡単！美味しい＊ヨーグルトムース＊♪,3993662,0,糖質制限の方にもおススメ!!ふわふわなめらかムースあんずジャムソースをのせた美味しいヨーグルトムースです♪,"{'ヨーグルト(プレーン)': ['２５０g'], '生クリーム(植物性)': ['２００g'], 'パルスイート（砂糖でも可）': ['大さじ１'], 'レモン汁(ポッカレモン)': ['大さじ１'], '★粉ゼラチン': ['３g'], '★水': ['１００㏄'], '■': ['あんずジャムソース'], 'あんずジャム': ['１００g']}",,2,0,1,0,0,0,0,0,0,0,0,0,0,0,0,0,0,0,0,0,0,0,0,0,0,0,0,0,0,0,0,0,0,0,0,0,0,0,0,0,0,0,0,mechanic/geomet,1,0,0,0,0,0,0,0,0,0,0,0,0,0,0,0,0,0,0,0,0,0,0,0,0,0,0,0,0,0,0,0,0,0,0,0, 
0.025641026,0,0,0,0,0.153846154,0,0.512820513,0,0,0,0,0,['ゼラチン ムース'],桃のムースタルト,3983939,101,桃缶１個でこんな素敵なタルトが出来ますよ～さくさくタルトにアーモンドクリームとふわふわの桃のムースを詰めてます,"{'タルト生地': ['レシピID : 3587206'], 'アーモンドクリーム': ['レシピID : 3587470 '], '■': ['トッピング'], '桃の缶詰のシロップ': ['1缶分'], '粉ゼラチン': ['5g'], '卵白（M）': ['2個分'], '砂糖(卵白用)': ['30g'], '生クリーム': ['100g'], '桃の缶詰の桃': ['1缶分'], 'グレナディンシロップ等': ['少々'], 'ミントの葉': ['あれば']}","とっても華やかなケーキが出来ました！とても可愛くて着るのがもったいなかったです！またつくります！タルトもサックサクで中の生地も美味しかったです！！クリームがうまく絞れませんでしたが、薔薇かわいく作れて良かったです初めてのタルト作りでした！味も美味しく簡単にできたのでまた作りたいと思います姉の誕生日に♪タルト台を米粉でしたら崩れやすくなってしまいましたムース部分参考にさせてもらいました！とっても美味しかったです！！見た目は悪くなったけど味はとてもおいしかったです！◎ムースがだれて、高さを出せませんでした。またチャレンジしたいです桃が柔らかすぎちゃいました。とっても美味しいレシピでした小さい型で作りました(^^)ムースリベンジします！美味でした！砂糖をレシピより1割控えて作りました。とても美味しかったです。手作り桃コンポートで。不格好ですが(^^;おいしかったです♪桃ムースは大成功。自作の桃のコンポートとイチゴマカロンは微妙泣。生クリームの泡立てが足りなかったのかな固まらなかった難しいですねこの酷暑でムースが...（ ;  ; ）涼しい時期にリベンジ！タルト生地４度目です。カスタードで。とっても美味。ありがとうです可愛く甘さ控え目にできました！生地と桃のムース、参考にさせていただきました♪美味しかったです薔薇が今一つだけど素敵に出来ました！家族にも大好評でした☆感謝♪バラが上手く出来なかったけど、素敵でした☆有難うございました！素敵なレシピでした!!!味も◎家族･友達、共にとても好評でした夫のリクエスト♪苦戦しましたがなんとか美味しくできました！ムースリベンジします！
おいしかったです！！
素敵レシピ感謝！可愛い美味しい最高ですﾟ+.ﾟ(´▽`人)ﾟとっても美味しかったです！ありがとうございました！！今さらですが､､3/3に作りました♪娘大喜びﾚｼﾋﾟ感謝ムース固まりにくかったけど頑張った甲斐あり超美味！タルト史上最高友達の誕生日に！盛り付けが難しかったけど渡した時のインパクト大！夫の誕生日に！ムース、一度冷蔵庫に入れてから絞りました！おいし！盛り付けが難しかったけど本当に美味しかったです(^ ^)ムースがどうしても上手くできなかったので、ムースなしで。リピ決定夫の誕生日に♪とても簡単！美味しくて夫に喜んで貰えました☆とても美味しくできました！リピします！サクサクで美味しかったです^_^また、違うタルト作ってみます。簡単にできて美味しかったです！見た目も豪華で夏には爽やかなタルトなのでとてもよかったです大変だったけどどうにか形にはなりましたリベンジします！！時間かかったけど、美味しくできました！達成感がすごい(*^^*)レアチーズに桃参考にして並べました。盛り付け参考にしました。バラのスペースが！！時間かかったけどすごい達成感です！妹の誕生日に暑くてムースだれちゃいました、またリピします！盛り付けのコツなどとてもわかりやすく、美味しかったです！また作ります！自信なかったのですが挑戦してみました。分かりやすいレシピでした。すごい楽しく作れました( ＾∀＾)ありがとうございます！美味しく出来ました！ありがとうございますヽ(´▽｀)/！！母の誕生日に(^^)素敵なレシピありがとうございました☆母の誕生日に(^^)とっても美味しいと喜んでもらえました！ムース初挑戦です。とてもわかりやすいレシピありがとうございます！おいしかったですムースがやわらかくなってしまいました~_~;飾り付け参考にしました可愛く出来ました(≧∀≦)薔薇の形にできなくて残念でしたが美味しかったです
ムースがゆるくなってしまいました。作るの楽しいかったです。初めての桃タルト全ての相性がマッチしてて最高でした！ミントが無かったのが惜しいですが…綺麗にできました～あまったのでミニタルト作りました(｀・∀・´)母の結婚記念日に
可愛くできて満足です(^-^)味は美味しかったですが、ムースがよれよれで涙コツを教えて下さい！見ためも可愛くて、美味しくできて満足です参考にさせて頂きました！レシピ有難うございます(*´`*)桃の酸味、ムースのクリーム感、甘くてサクサクのタルトが絶妙でした口金が星型で仕上がりがちがうけど美味しくできました！！美味しくできました黄桃の桃缶で生地が余っていたのでムース参考にさせて頂きました！美味しかった！コンポートで。ムースが失敗して、修正しようとしたらババロアに…モタモタしてムースがうまくいかず(TT)またリベンジします！美味しくできました！！素敵なレシピをありがとうございます素敵なケーキが出来ました♪大切なレシピをありがとうございましたムース緩くてが難しかった。自分の
バースデーケーキになります。ムースが難しかったけどなんとかできました(^-^)少し失敗しましたが綺麗にできました☆桃ムース美味しいです！!ムースがヨレてしまいましたが、何とか形になりました(`)綺麗にできました美味しくいただきました(≧∇≦)リピします(^-^)姪が作ってくれました！おばあちゃんも喜んでいました。タルトの方を焦がしてしまいましたが美味しかったです！大好評でした！娘と作りましたかわいいしとっても美味しかったですムースが柔らかくてダレてますが…キレイだと喜んでくれました夫の誕生日に。真ん中のバラが微妙ですが喜んでくれて良かったです。ふわしゅわ桃ムースに下のタルト生地がたまらなく美味しい!感動の味ムースがとっても美味しかったです!また作ります!
お姉ちゃんの誕生日に作りました！！ありがとうございました！クリスマス会に持っていきました！喜んでもらえて良かったです♪とてもかわいく出来ました。桃タルト初挑戦！美味しくできて友達にも喜んでもらえました友人の誕生日に桃が小さくてイマイチ。またリベンジします。親の結婚記念日に作って喜んで貰えました美味しくできました桃のムースがさっぱりしていてとっても美味しくできました!!デコレーション参考にさせていただきました！可愛くできました食紅と絞り口が手に入らず不恰好になってしまいましたが出来ました絞り口が無く不恰好になりましたがなんとか完成！明日頂きます見た目もかわいくて友達から絶賛されました！ありがとうございます作ったコンポート使用。デコレーション参考にしました。コンポートから作ってみました。素敵なレシピありがとうございます手間はかかったけど、桃のムースすごく美味しかったです♪2回挑みましたがムースが固まりませんでした。リベンジしますデコ参考にさせていただきました！",1,0,1,0,0,0,0,0,0,0,0,0,0,0,0,0,0,0,0,0,0,0,0,0,0,0,0,0,0,0,0,0,0,0,0,0,0,0,0,0,0,0,0,mechanic/geomet,0,0,0,0,0,0,0,0,0,0,0,0,0,0,0,0,0,0,0,0,0,0,0,0,0,0,0,0,0,0,0,0,0,0,0,0, とっても 華やか な ケーキ が 出来ました とても 可愛く て 着る の が もったいなかっ た です またつくります タルト も サックサク で 中 の 生地 も 美味しかったです クリーム が うまく絞れません でした が 、 薔薇 かわいく 作れ て 良かった です 初めて の タルト 作り でした 味 も 美味しく 簡単 に でき たのでまた作りたいと思います姉の誕生日にタルト台 を 米粉でしたら崩れやすくなってしまいました ムース 部分 参考 に させてもらいました とっても美味しかったです 見た目 は 悪くなったけど 味 は とても おいしかったです ムース が だれ て 、 高さ を 出せません でした 。 またチャレンジしたい です 桃 が 柔らかすぎ ちゃいました 。 とっても 美味しい レシピ でした 小さい型 で 作りました ムースリベンジします 美味でした 砂糖 を レシピ より割控え て 作りました 。 とても 美味しかったです 。 手作り 桃 コンポート で 。 不格好 です が おいしかったです 桃 ムース は 大成功 。 自作 の 桃 の コンポート と イチゴマカロン は 微妙 泣 。 生クリーム の 泡立て が 足りなかった の かな 固まらなかった 難しい ですね この 酷暑 で ムース が 涼しい時期 に リベンジタルト生地度目 です 。 カスタード で 。 とっても 美味 。 ありがとう です 可愛く 甘さ控え目 に できました 生地 と 桃 の ムース 、 参考 に させていただきました 美味しかったです 薔薇 が 今一つ だけど 素敵 に 出来ました 家族 に も 大好評でした 感謝 バラ が 上手く出来 なかったけど 、 素敵 でした 有難うござい ました 素敵なレシピ でした 味 も 家族 友達 、 共に とても 好評でした 夫 の リクエスト 苦戦 しました が なんとか 美味しくできました ムースリベンジします おいしかったです 素敵レシピ感謝 可愛い 美味しい 最高 です 人 とっても美味しかったです ありがとうございました 今さら です が に 作りました 娘 大喜び 感謝 ムース 固まりにくかったけど頑張っ た 甲斐あり 超 美味 タルト 史上 最高 友達の誕生日に 盛り付け が 難しかったけど 渡し た 時 の インパクト大夫の誕生日に ムース 、 一度冷蔵庫 に 入れ て から 絞り ました おいし 盛り付け が 難しかったけど 本当に 美味しかったです ムース が どうしても上手くできなかったので 、 ムース なし で 。 リピ決定 夫の誕生日に とても 簡単 美味しくて 夫 に 喜んで貰え ました とても 美味しくできました リピします サクサク で 美味しかったです また 、 違う タルト 作ってみます 。 簡単 に でき て 美味しかったです 見た目 も 豪華 で 夏 に は 爽やかな タルト なので とても よかった です 大変だったけどどうにか形 に は なりました リベンジします 時間かかったけど 、 美味しくできました 達成感 が すごい レアチーズ に 桃 参考 に して 並べ ました 。 盛り付け 参考 に しました 。 バラ の スペース が 時間かかったけど すごい 達成感 です 妹の誕生日に暑く て ムース だれ ちゃいました 、 またリピします 盛り付け の コツなど とても わかりやすく 、 美味しかったです また作ります 自信 なかった の です が 挑戦 してみました 。 分かりやすいレシピ でした 。 すごい 楽しく作れ ました ありがとうございます 美味しく出来ました ありがとうございます 母の誕生日に 素敵なレシピありがとうござい ました 母の誕生日にとっても 美味しい と 喜んでもらえました ムース 初挑戦 です 。 とても わかりやすい レシピありがとうございます おいしかったです ムース が やわらかくなってしまいました飾り付け参考 に しました 可愛く 出来ました 薔薇 の 形 に でき なく て 残念 でした が 美味しかったです ムース が ゆるくなってしまいました 。 作る の 楽しいかっ た です 。 初めて の 桃 タルト 全て の 相性 が マッチして て 最高 でした ミント が 無かった の が 惜しい です が 綺麗 に できました あまっ たので ミニタルト 作りました 母 の 結婚記念日に 可愛く でき て 満足 です 味 は 美味しかったです が 、 ムース が よれよれ で 涙コツ を 教え て 下さい 見 た め も 可愛く て 、 美味しくでき て 満足 です 参考 に させて頂きました レシピ 有難うございます 桃 の 酸味 、 ムース の クリーム 感 、 甘く て サクサク の タルト が 絶妙 でした 口金 が 星型 で 仕上がり が ちがうけど 美味しくできました 美味しくできました 黄桃 の 桃缶 で 生地 が 余っていたので ムース 参考 に させて頂きました 美味しかった コンポート で 。 ムース が 失敗 して 、 修正しよう と したら ババロア に モタモタ して ムース が うまくいかずTTまたリベンジします 美味しくできました 素敵なレシピ を ありがとうございます 素敵な ケーキ が 出来ました 大切な レシピ を ありがとうございました ムース 緩く て が 難しかった 。 自分 の バースデーケーキ に なります 。 ムース が 難しかったけどなんとかできました 少し 失敗 しました が 綺麗 に できました 桃 ムース 美味しい です ムース が ヨレてしまいました が 、 何とか形 に なりました 綺麗 に できました 美味しくいただきました リピします 姪 が 作ってくれました おばあちゃん も 喜んでい ました 。 タルト の 方 を 焦がしてしまいました が 美味しかったです 大好評でした 娘 と 作りました かわいい し とっても美味しかったです ムース が 柔らかく て ダレ て ます が キレイ だ と 喜んでくれました 夫の誕生日に 。 真ん中 の バラ が 微妙 です が 喜んでくれ て 良かった です 。 ふわしゅわ 桃 ムース に 下 の タルト生地 が たまらなく 美味しい 感動 の 味 ムース が とっても美味しかったです また作ります お姉ちゃんの誕生日に 作りました ありがとうございました クリスマス会 に 持っ て いき ました 喜んでもらえ て 良かった です とても かわいく 出来ました 。 桃 タルト 初挑戦 美味しくでき て 友達 に も 喜んでもらえました 友人の誕生日に 桃 が 小さく て イマイチ 。 またリベンジします 。 親 の 結婚記念日に 作って 喜んで貰え ました 美味しくできました 桃 の ムース が さっぱりしてい て とっても 美味しくできました デコレーション 参考 に させていただきました 可愛くできました 食紅 と 絞り口 が 手 に 入らず不恰好 に なってしまいました が 出来ました 絞り口 が 無く 不恰好 に なりました が なんとか完成 明日 頂きます 見た目 も かわいく て 友達 から 絶賛され ました ありがとうございます 作った コンポート 使用 。 デコレーション 参考 に しました 。 コンポート から 作ってみました 。 素敵なレシピありがとうございます 手間 は かかったけど 、 桃 の ムース すごく 美味しかったです 回挑み ました が ムース が 固まりません でした 。 リベンジします デコ 参考 に させていただきました 
0.011764706,0,0,0,0.023529412,0,0,0.235294118,0,0.470588235,0,0.070588235,0.188235294,['ゼラチン ムース'],ソルティライチのヨーグルトムース,3968297,0,ライチの甘い香りのふんわりヨーグルトムースに爽やかなグレープフルーツのジュレを合わせて,"{'■': ['ヨーグルトムース'], 'グレープフルーツ': ['大1個'], 'はちみつ': ['30ｇ'], 'ゼラチンパウダー': ['５ｇ'], 'お家で作ろう！ソルティライチ': ['１０g'], '水': ['３０ｇ'], 'プレーンヨーグルト（無糖）': ['２００ｇ'], 'お家で作ろう!ソルティライチ': ['４０ｇ'], '砂糖': ['１０ｇ'], '生クリーム': ['１００ｇ']}",,1,0,1,0,0,0,0,0,0,0,0,0,0,0,0,0,0,0,0,0,0,0,0,0,0,0,0,0,0,0,0,0,0,0,0,0,0,0,0,0,0,0,0,mechanic/geomet,0,0,0,0,0,0,0,0,0,0,0,0,0,0,0,0,0,0,0,0,0,0,0,0,0,0,0,0,0,0,0,0,0,0,0,0, 
0.013452915,0,0,0,0,0,0,0,0.470852018,0,0,0.067264574,0.448430493,['ゼラチン ムース'],冷凍マンゴーで簡単＊マンゴームース＊,3956226,9,冷凍マンゴーを使い、ミキサーで簡単に作れるマンゴームースです。材料も少なく思い立ったらすぐ作れます！,"{'冷凍マンゴー': ['100g'], '牛乳': ['100cc'], 'はちみつ': ['大さじ1/2～1'], '粉ゼラチン': ['3g'], '水': ['大さじ1']}","牛乳じゃなくて、生クリームを使いました!! とっても美味しかったです子供達のおやつに倍量で作りました♪ひんやり美味しいミキサーにかけるだけなのでとっても簡単でした(*´`*)生クリーム無しで簡単！冷凍マンゴーなのですぐに固まりました♪次回は蜂蜜ではなく練乳で作ってみようかな冷凍マンゴーの消費に…ミキサーにかけるだけの簡単作業だったので時短でできてありがたかったです。冷凍マンゴーが美味しいムースになりました！暑い夏にリピします♪なめらかで美味しかったです。
ありがとうございましたムース作りました～
プルプルしてて美味しかったです♪冷凍マンゴーでお手軽！ムースっぽいしプリンっぽい★美味しかった！とっても簡単なのに美味しい！！マンゴーソースも作ってかわいく♪",2,1,0,0,0,0,0,0,0,0,0,0,0,0,0,0,0,0,0,0,0,0,0,0,0,0,0,0,0,0,0,0,0,0,0,0,0,0,0,0,0,0,0,mechanic/geomet,1,0,0,0,0,0,0,0,0,0,0,0,0,0,0,0,0,0,0,0,0,0,0,0,0,0,0,0,0,0,0,0,0,0,0,0, 牛乳 じゃなく て 、 生クリーム を 使いました とっても美味しかったです 子供達 の おやつ に 倍量 で 作りました ひんやり 美味しい ミキサー に かけるだけ なので とっても 簡単 でした 生クリーム 無し で 簡単 冷凍マンゴー なので すぐ に 固まり ました 次回は 蜂蜜 で は なく 練乳 で 作ってみようかな冷凍マンゴー の 消費 に ミキサー に かけるだけ の 簡単 作業 だったので 時短 で でき て ありがたかっ た です 。 冷凍マンゴー が 美味しい ムース に なりました 暑い夏 に リピします なめらか で 美味しかったです 。 ありがとうございました ムース 作りました プルプル して て 美味しかったです 冷凍マンゴー で お手軽 ムース っぽい し プリン っぽい 美味しかった とっても 簡単なのに 美味しい マンゴー ソース も 作って かわいく 
0.009345794,0,0,0,0.112149533,0,0,0.186915888,0,0.373831776,0,0,0.317757009,['ゼラチン ムース'],フルーツ缶で作るふんわりフルーツムース,3950303,4,ふんわり食感のムースと果肉を撹拌して作った贅沢なソースがやみつきな美味しさこの夏、おもてなしや手土産にもぴったりです,"{'フルーツの缶詰(レシピは黄桃を使用)': ['1缶(レシピは固形量170g)'], 'プレーンヨーグルト': ['200g'], '生クリーム': ['100ml'], '砂糖': ['60g'], '粉ゼラチン': ['5g'], 'バニラエッセンス': ['あれば少々']}",ミックスフルーツ缶を使って作りました！二層になった見た目もオシャレで味もとても美味しかったです♪身近な材料で作れるのが良いですね簡単で凄く美味しかったです！ﾏﾝｺﾞｰです。ｻｯﾊﾟﾘしてて夏に最高ですね♪今度は桃でみかん缶で。ソースとムースが混ざっちゃったけど爽やかで美味♪,2,0,2,0,0,0,0,0,0,0,0,0,0,0,0,0,0,0,0,0,0,0,0,0,0,0,0,0,0,0,0,0,0,0,0,0,0,0,0,0,0,0,0,mechanic/geomet,0,0,0,0,0,0,0,0,0,0,0,0,0,0,0,0,0,0,0,0,0,0,0,0,0,0,0,0,0,0,0,0,0,0,0,0, ミックスフルーツ缶 を使っ て 作りました 二層 に なった 見た目 も オシャレ で 味 も とても 美味しかったです 身近 な 材料 で 作れる の が 良いですね 簡単 で 凄く 美味しかったです です 。 して て 夏 に 最高 ですね 今度は 桃 で みかん缶 で 。 ソース と ムース が 混ざっちゃったけど爽やか で 美味 
0.012048193,0,0,0,0,0.072289157,0,0,0,0,0,0.795180723,0.120481928,['ゼラチン ムース'],南高梅干と豆腐のふわふわ杏仁風ムース,3883066,1,お砂糖不使用☆お豆腐と南高梅干の優しい味わいとふわふわ食感ほんのり杏仁風の香りで女子向きヘルシースイーツです,"{'絹ごし豆腐（水切り不要）': ['３００g'], '南高梅干': ['５０g'], 'アーモンドエッセンス': ['数滴'], '◎粉ゼラチン': ['５g'], '◎水': ['大さじ２'], '卵白': ['１個分'], '■': ['仕上げ用'], '蜂蜜': ['お好みで']}",とてもおいしかったです,2,0,2,0,0,0,0,0,0,0,0,0,0,0,0,0,0,0,0,0,0,0,0,0,0,0,0,0,0,0,0,0,0,0,0,0,0,0,0,0,0,0,0,mechanic/geomet,0,0,0,0,0,0,0,0,0,0,0,0,0,0,0,0,0,0,0,0,0,0,0,0,0,0,0,0,0,0,0,0,0,0,0,0, とても おいしかったです 
0.003868472,0,0,0,0.02901354,0,0.077369439,0.386847195,0,0,0,0,0.309477756,['ゼラチン ムース'],軽やかでコクのあるチョコレートムース♪,5433120,0,ビターなチョコレートとフワフワに泡立てた生クリームで軽やかでコクのあるチョコレートムースはいかがですか？,"{'生クリームA': ['100ml'], '卵黄': ['2個(30g)'], '砂糖': ['15g'], '板ゼラチン': ['2g'], '生クリームB(泡立てる)': ['200ml'], 'チョコレート': ['160g']}",,1,0,1,0,0,0,0,0,0,0,0,0,0,0,0,0,0,0,0,0,0,0,0,0,0,0,0,0,0,0,0,0,0,0,0,0,0,0,0,0,0,0,0,mechanic/geomet,0,0,0,0,0,0,0,0,0,0,0,0,0,0,0,0,0,0,0,0,0,0,0,0,0,0,0,0,0,0,0,0,0,0,0,0, 
0.005128205,0,0,0,0,0,0,0.205128205,0,0.41025641,0,0,0.379487179,['ゼラチン ムース'],濃厚♪苺ムース,3830623,2,濃厚な苺が美味しい ふわふわムースです(^^),"{'ヨーグルト': ['400g'], '生クリーム': ['200cc'], '苺': ['170g'], 'グラニュー糖': ['200g'], '粉ゼラチン': ['5g']}",毎年ﾊﾞﾚﾝﾀｲﾝﾃﾞｰに作ります。このレシピで3年目♪程よい柔らかさ！いちごこつぶつぶがたまらないー,2,0,1,0,0,0,0,0,0,0,0,0,0,0,0,0,0,0,0,0,0,0,0,0,0,0,0,0,0,0,0,0,0,0,0,0,0,0,0,0,0,0,0,mechanic/geomet,0,0,0,0,0,0,0,0,0,0,0,0,0,0,0,0,0,0,0,0,0,0,0,0,0,0,0,0,0,0,0,0,0,0,0,0, 毎年 に 作ります 。 このレシピ で 年目程よい柔らかさ いちご こ つぶつぶ が たまらない ー 
0.007042254,0,0,0,0.007042254,0,0,0.070422535,0,0.563380282,0,0,0.352112676,['ゼラチン ムース'],イチゴのさっぱりムース,3772002,1,ヨーグルトで作ったふわふわさっぱりムースです(^3^)/,"{'イチゴ': ['２５０g(１パック)'], '砂糖': ['５g'], '生クリーム': ['５０cc'], 'ヨーグルト': ['４００g(１パック)'], 'ゼラチン': ['５g'], '■': ['●飾り用●']}",レシピ参考にさせて頂きました！！美味しくできました(^O^),1,0,1,0,0,0,0,0,0,0,0,0,0,0,0,0,0,0,0,0,0,0,0,0,0,0,0,0,0,0,0,0,0,0,0,0,0,0,0,0,0,0,0,mechanic/geomet,0,0,0,0,0,0,0,0,0,0,0,0,0,0,0,0,0,0,0,0,0,0,0,0,0,0,0,0,0,0,0,0,0,0,0,0, レシピ 参考 に させて頂きました 美味しくできました O 
0.035087719,0,0,0,0.253411306,0.116959064,0,0.389863548,0,0,0,0,0,['ゼラチン ムース'],スコップ☆いちごのムース,3769196,0,パーティーにおすすめです☆ふんわり軽い口どけと苺のプチプチがたまりません(^o^),"{'苺ソース': ['お好みで'], '（又は生の苺＋砂糖）': ['（100g＋20g）'], '生クリーム': ['200g'], '卵白（M）': ['2個'], '砂糖': ['30g'], '粉ゼラチン': ['1袋（5g）'], '水(ゼラチン用)': ['大さじ2'], 'レモン汁': ['大さじ1～2'], '■': ['トッピング用'], 'セルフィーユやミントの葉など': ['少々']}",,3,0,1,0,0,0,0,1,0,0,0,0,0,0,0,0,0,0,0,0,0,0,0,0,0,0,0,0,0,0,0,0,0,0,0,0,0,0,0,0,0,0,0,mechanic/geomet,0,0,0,0,0,0,0,0,1,0,0,0,0,0,0,0,0,0,0,0,0,0,0,0,0,0,0,0,0,0,0,0,0,0,0,0, 
0.01734104,0,0,0,0.086705202,0,0.057803468,0.289017341,0.303468208,0,0,0.057803468,0.187861272,['ゼラチン ムース'],草津・愛彩菜のふんわりムース☆,3768770,0,草津のわさび菜が「愛彩菜」として愛されて今年で10周年♪記念に愛彩菜のスイーツを作ってみました！レモンでさっぱり味☆,"{'愛彩菜': ['2株'], '板ゼラチン': ['6g'], '砂糖(三温糖)': ['30g'], '牛乳': ['100ml'], '卵黄': ['１個'], '生クリーム': ['100g'], 'レモン汁': ['60ml'], 'ブランデー': ['5ml'], 'カステラ': ['１袋'], '水': ['20ml']}",,1,0,1,0,0,0,0,0,0,0,0,0,0,0,0,0,0,0,0,0,0,0,0,0,0,0,0,0,0,0,0,0,0,0,0,0,0,0,0,0,0,0,0,mechanic/geomet,0,0,0,0,0,0,0,0,0,0,0,0,0,0,0,0,0,0,0,0,0,0,0,0,0,0,0,0,0,0,0,0,0,0,0,0, 
0.013888889,0,0,0,0.101851852,0.083333333,0,0.138888889,0,0,0,0,0.597222222,['ゼラチン ムース'],苺のふわふわムースシュー,3756053,0,苺をふんだんに使ったふわふわ軽いムースをシュー皮に乗せて食べるスイーツです。,"{'■': ['【ムース】'], '・熱湯': ['100ml'], '・無塩バター': ['45g'], '・塩': ['少々'], '・卵': ['2～3個'], '・小麦粉': ['50g'], '・苺': ['450g'], '・砂糖': ['60-70g'], '・レモン汁': ['大さじ１'], '・ゼラチン': ['15g'], '・生クリーム': ['150cc'], '・卵白': ['3個'], '・砂糖(メレンゲ用）': ['40g']}",,2,0,2,0,0,0,0,1,0,0,0,0,0,0,0,0,0,0,0,0,0,0,0,0,0,0,0,0,0,0,0,0,0,0,0,0,0,0,0,0,0,0,0,mechanic/geomet,0,0,0,0,0,0,0,0,0,0,0,0,0,0,0,0,0,0,0,0,0,0,0,0,0,0,0,0,0,0,0,0,0,0,0,0, 
0.00621118,0,0,0,0,0,0,0.310559006,0.093167702,0,0,0.046583851,0.217391304,['ゼラチン ムース'],3層のいちごムース,3756173,9,直径5㎝×高さ6㎝のシンプルなカップが三層のムースとゼリーで彩りよく可愛く出来上がります。,"{'■': ['ベリーソース(三段目)'], '冷凍フレーズピューレ': ['50ｇ'], '水': ['大さじ1'], '生クリーム': ['100ｍｌ'], 'グラニュー糖': ['20ｇ'], 'レモン汁': ['大さじ1'], '板ゼラチン': ['2ｇ'], 'フレッシュいちご': ['5粒'], '牛乳': ['100ｍｌ'], 'コンデンスミルク': ['30ｇ']}","ケーキの中身に！とても美味＾＾父の誕生日に作ってみました見た目も良くすごく好評でした冷凍苺を使ったら4層に…wムースがふわふわ美味しかったです！バレンタインに娘と作りました
レシピを参考にいちごジャムで！好評でしたありがとうございます！いちごがないのですが...それでもおいしく頂けました(^^)彩りがきれいで可愛いムースが出来ました！家族にも大好評でした！ピューレが手に入らず手作りしました！見た目も綺麗で美味でした！美味しく簡単に作れて家族に好評でした
ありがとうございます！",1,0,1,0,0,0,0,0,0,0,0,0,0,0,0,0,0,0,0,0,0,0,0,0,0,0,0,0,0,0,0,0,0,0,0,0,0,0,0,0,0,0,0,mechanic/geomet,0,0,0,0,0,0,0,0,0,0,0,0,0,0,0,0,0,0,0,0,0,0,0,0,0,0,0,0,0,0,0,0,0,0,0,0, ケーキ の 中身 に とても 美味 父の誕生日に 作ってみました 見た目 も 良く すごく 好評でした 冷凍 苺 を使っ たら 層 に w ムース が ふわふわ 美味しかったです バレンタイン に 娘 と 作りました レシピ を参考 に いちご ジャム で 好評でした ありがとうございますいちごがないのですがそれでもおいしく頂け ました 彩り が きれい で 可愛い ムース が 出来ました 家族 に も 大好評でした ピューレ が 手 に 入らず 手作り しました 見た目 も 綺麗 で 美味でした 美味しく 簡単 に 作れ て 家族 に 好評でした ありがとうございます 
0.010600707,0,0,0,0.106007067,0,0,0.35335689,0,0,0,0,0.530035336,['ゼラチン ムース'],いちごのムース,3738553,0,いちご使ったふんわりムースを作りたくて。,"{'苺': ['300g'], '生クリーム': ['200ml'], '砂糖': ['60g'], 'ゼラチンパウダー': ['6g'], 'レモン汁': ['大さじ１'], '飾り用苺': ['6～8個']}",,1,0,1,0,0,0,0,0,0,0,0,0,0,0,0,0,0,0,0,0,0,0,0,0,0,0,0,0,0,0,0,0,0,0,0,0,0,0,0,0,0,0,0,mechanic/geomet,0,0,0,0,0,0,0,0,0,0,0,0,0,0,0,0,0,0,0,0,0,0,0,0,0,0,0,0,0,0,0,0,0,0,0,0, 
